Date,Line_ID,Status,Part_Produced,Target_Batches,Target_Qty
2024-01-01,Line_1,Production,Engine Block,7,527
2024-01-01,Line_2,Production,Cylinder Head,8,1162
2024-01-01,Line_2,Production,Oil Pan,7,1592
2024-01-01,Line_3,Production,Cylinder Liner,7,5386
2024-01-01,Line_3,Production,Camshaft Pulley,4,3434
2024-01-02,Line_1,Production,Engine Block,7,527
2024-01-02,Line_2,Production,Cylinder Head,8,1162
2024-01-02,Line_2,Production,Oil Pan,7,1592
2024-01-02,Line_3,Production,Cylinder Liner,7,5386
2024-01-02,Line_3,Production,Camshaft Pulley,4,3434
2024-01-03,Line_1,Production,Engine Block,7,527
2024-01-03,Line_2,Production,Cylinder Head,8,1162
2024-01-03,Line_2,Production,Oil Pan,7,1592
2024-01-03,Line_3,Production,Cylinder Liner,7,5386
2024-01-03,Line_3,Production,Camshaft Pulley,4,3434
2024-01-04,Line_1,Production,Engine Block,7,527
2024-01-04,Line_2,Production,Cylinder Head,8,1162
2024-01-04,Line_2,Production,Oil Pan,7,1592
2024-01-04,Line_3,Production,Cylinder Liner,7,5386
2024-01-04,Line_3,Production,Camshaft Pulley,4,3434
2024-01-05,Line_1,Production,Engine Block,7,527
2024-01-05,Line_2,Production,Cylinder Head,8,1162
2024-01-05,Line_2,Production,Oil Pan,7,1592
2024-01-05,Line_3,Production,Cylinder Liner,7,5386
2024-01-05,Line_3,Production,Camshaft Pulley,4,3434
2024-01-06,Line_1,Production,Engine Block,7,527
2024-01-06,Line_2,Production,Cylinder Head,8,1161
2024-01-06,Line_2,Production,Oil Pan,7,1592
2024-01-06,Line_3,Production,Cylinder Liner,7,5386
2024-01-06,Line_3,Production,Camshaft Pulley,4,3434
2024-01-08,Line_1,Production,Engine Block,7,527
2024-01-08,Line_2,Production,Cylinder Head,8,1161
2024-01-08,Line_2,Production,Oil Pan,7,1592
2024-01-08,Line_3,Production,Cylinder Liner,7,5386
2024-01-08,Line_3,Production,Camshaft Pulley,4,3433
2024-01-09,Line_1,Production,Engine Block,7,527
2024-01-09,Line_2,Production,Cylinder Head,8,1161
2024-01-09,Line_2,Production,Oil Pan,7,1592
2024-01-09,Line_3,Production,Cylinder Liner,7,5386
2024-01-09,Line_3,Production,Camshaft Pulley,4,3433
2024-01-10,Line_1,Production,Engine Block,7,527
2024-01-10,Line_2,Production,Cylinder Head,8,1161
2024-01-10,Line_2,Production,Oil Pan,7,1592
2024-01-10,Line_3,Production,Cylinder Liner,7,5386
2024-01-10,Line_3,Production,Camshaft Pulley,4,3433
2024-01-11,Line_1,Production,Engine Block,7,527
2024-01-11,Line_2,Production,Cylinder Head,8,1161
2024-01-11,Line_2,Production,Oil Pan,7,1592
2024-01-11,Line_3,Production,Cylinder Liner,7,5386
2024-01-11,Line_3,Production,Camshaft Pulley,4,3433
2024-01-12,Line_1,Production,Engine Block,7,527
2024-01-12,Line_2,Production,Cylinder Head,8,1161
2024-01-12,Line_2,Production,Oil Pan,7,1592
2024-01-12,Line_3,Production,Cylinder Liner,7,5386
2024-01-12,Line_3,Production,Camshaft Pulley,4,3433
2024-01-13,Line_1,Production,Engine Block,7,527
2024-01-13,Line_2,Production,Cylinder Head,8,1161
2024-01-13,Line_2,Production,Oil Pan,7,1592
2024-01-13,Line_3,Production,Cylinder Liner,7,5386
2024-01-13,Line_3,Production,Camshaft Pulley,4,3433
2024-01-15,Line_1,Production,Engine Block,7,527
2024-01-15,Line_2,Production,Cylinder Head,8,1161
2024-01-15,Line_2,Production,Oil Pan,7,1592
2024-01-15,Line_3,Production,Cylinder Liner,7,5386
2024-01-15,Line_3,Production,Camshaft Pulley,4,3433
2024-01-16,Line_1,Production,Engine Block,7,527
2024-01-16,Line_2,Production,Cylinder Head,8,1161
2024-01-16,Line_2,Production,Oil Pan,7,1592
2024-01-16,Line_3,Production,Cylinder Liner,7,5386
2024-01-16,Line_3,Production,Camshaft Pulley,4,3433
2024-01-17,Line_1,Production,Engine Block,7,527
2024-01-17,Line_2,Production,Cylinder Head,8,1161
2024-01-17,Line_2,Production,Oil Pan,7,1592
2024-01-17,Line_3,Production,Cylinder Liner,7,5386
2024-01-17,Line_3,Production,Camshaft Pulley,4,3433
2024-01-18,Line_1,Production,Engine Block,7,527
2024-01-18,Line_2,Production,Cylinder Head,8,1161
2024-01-18,Line_2,Production,Oil Pan,7,1592
2024-01-18,Line_3,Production,Cylinder Liner,7,5386
2024-01-18,Line_3,Production,Camshaft Pulley,4,3433
2024-01-19,Line_1,Production,Engine Block,7,527
2024-01-19,Line_2,Production,Cylinder Head,8,1161
2024-01-19,Line_2,Production,Oil Pan,7,1592
2024-01-19,Line_3,Production,Cylinder Liner,7,5386
2024-01-19,Line_3,Production,Camshaft Pulley,4,3433
2024-01-20,Line_1,Production,Engine Block,7,526
2024-01-20,Line_2,Production,Cylinder Head,8,1161
2024-01-20,Line_2,Production,Oil Pan,7,1591
2024-01-20,Line_3,Production,Cylinder Liner,7,5386
2024-01-20,Line_3,Production,Camshaft Pulley,4,3433
2024-01-22,Line_1,Production,Engine Block,7,526
2024-01-22,Line_2,Production,Cylinder Head,8,1161
2024-01-22,Line_2,Production,Oil Pan,7,1591
2024-01-22,Line_3,Production,Cylinder Liner,7,5386
2024-01-22,Line_3,Production,Camshaft Pulley,4,3433
2024-01-23,Line_1,Production,Engine Block,7,526
2024-01-23,Line_2,Production,Cylinder Head,8,1161
2024-01-23,Line_2,Production,Oil Pan,7,1591
2024-01-23,Line_3,Production,Cylinder Liner,7,5386
2024-01-23,Line_3,Production,Camshaft Pulley,4,3433
2024-01-24,Line_1,Production,Engine Block,7,526
2024-01-24,Line_2,Production,Cylinder Head,8,1161
2024-01-24,Line_2,Production,Oil Pan,7,1591
2024-01-24,Line_3,Production,Cylinder Liner,7,5386
2024-01-24,Line_3,Production,Camshaft Pulley,4,3433
2024-01-25,Line_1,Production,Engine Block,7,526
2024-01-25,Line_2,Production,Cylinder Head,8,1161
2024-01-25,Line_2,Production,Oil Pan,7,1591
2024-01-25,Line_3,Production,Cylinder Liner,7,5386
2024-01-25,Line_3,Production,Camshaft Pulley,4,3433
2024-01-26,Line_1,Production,Engine Block,7,526
2024-01-26,Line_2,Production,Cylinder Head,8,1161
2024-01-26,Line_2,Production,Oil Pan,7,1591
2024-01-26,Line_3,Production,Cylinder Liner,7,5386
2024-01-26,Line_3,Production,Camshaft Pulley,4,3433
2024-01-27,Line_1,Production,Engine Block,7,526
2024-01-27,Line_2,Production,Cylinder Head,8,1161
2024-01-27,Line_2,Production,Oil Pan,7,1591
2024-01-27,Line_3,Production,Cylinder Liner,7,5386
2024-01-27,Line_3,Production,Camshaft Pulley,4,3433
2024-01-29,Line_1,Production,Engine Block,7,526
2024-01-29,Line_2,Production,Cylinder Head,8,1161
2024-01-29,Line_2,Production,Oil Pan,7,1591
2024-01-29,Line_3,Production,Cylinder Liner,7,5386
2024-01-29,Line_3,Production,Camshaft Pulley,4,3433
2024-01-30,Line_1,Production,Engine Block,7,526
2024-01-30,Line_2,Production,Cylinder Head,8,1161
2024-01-30,Line_2,Production,Oil Pan,7,1591
2024-01-30,Line_3,Production,Cylinder Liner,7,5385
2024-01-30,Line_3,Production,Camshaft Pulley,4,3433
2024-01-31,Line_1,Production,Engine Block,7,526
2024-01-31,Line_2,Production,Cylinder Head,8,1161
2024-01-31,Line_2,Production,Oil Pan,7,1591
2024-01-31,Line_3,Production,Cylinder Liner,7,5385
2024-01-31,Line_3,Production,Camshaft Pulley,4,3433
2024-01-07,Line_1,Maintenance_Weekly,None,0,0
2024-01-07,Line_2,Maintenance_Weekly,None,0,0
2024-01-07,Line_3,Maintenance_Weekly,None,0,0
2024-01-14,Line_1,Maintenance_Weekly,None,0,0
2024-01-14,Line_2,Maintenance_Weekly,None,0,0
2024-01-14,Line_3,Maintenance_Weekly,None,0,0
2024-01-21,Line_1,Maintenance_Weekly,None,0,0
2024-01-21,Line_2,Maintenance_Weekly,None,0,0
2024-01-21,Line_3,Maintenance_Weekly,None,0,0
2024-01-28,Line_1,Maintenance_Weekly,None,0,0
2024-01-28,Line_2,Maintenance_Weekly,None,0,0
2024-01-28,Line_3,Maintenance_Weekly,None,0,0
2024-02-01,Line_1,Production,Engine Block,7,557
2024-02-01,Line_2,Production,Cylinder Head,8,1147
2024-02-01,Line_2,Production,Oil Pan,7,1742
2024-02-01,Line_3,Production,Cylinder Liner,8,5819
2024-02-01,Line_3,Production,Camshaft Pulley,4,3920
2024-02-02,Line_1,Production,Engine Block,7,557
2024-02-02,Line_2,Production,Cylinder Head,8,1147
2024-02-02,Line_2,Production,Oil Pan,7,1742
2024-02-02,Line_3,Production,Cylinder Liner,8,5819
2024-02-02,Line_3,Production,Camshaft Pulley,4,3920
2024-02-03,Line_1,Production,Engine Block,7,557
2024-02-03,Line_2,Production,Cylinder Head,8,1147
2024-02-03,Line_2,Production,Oil Pan,7,1742
2024-02-03,Line_3,Production,Cylinder Liner,8,5819
2024-02-03,Line_3,Production,Camshaft Pulley,4,3920
2024-02-05,Line_1,Production,Engine Block,7,557
2024-02-05,Line_2,Production,Cylinder Head,8,1147
2024-02-05,Line_2,Production,Oil Pan,7,1742
2024-02-05,Line_3,Production,Cylinder Liner,8,5819
2024-02-05,Line_3,Production,Camshaft Pulley,4,3920
2024-02-06,Line_1,Production,Engine Block,7,556
2024-02-06,Line_2,Production,Cylinder Head,8,1147
2024-02-06,Line_2,Production,Oil Pan,7,1742
2024-02-06,Line_3,Production,Cylinder Liner,8,5819
2024-02-06,Line_3,Production,Camshaft Pulley,4,3920
2024-02-07,Line_1,Production,Engine Block,7,556
2024-02-07,Line_2,Production,Cylinder Head,8,1147
2024-02-07,Line_2,Production,Oil Pan,7,1742
2024-02-07,Line_3,Production,Cylinder Liner,8,5819
2024-02-07,Line_3,Production,Camshaft Pulley,4,3920
2024-02-08,Line_1,Production,Engine Block,7,556
2024-02-08,Line_2,Production,Cylinder Head,8,1147
2024-02-08,Line_2,Production,Oil Pan,7,1742
2024-02-08,Line_3,Production,Cylinder Liner,8,5818
2024-02-08,Line_3,Production,Camshaft Pulley,4,3920
2024-02-09,Line_1,Production,Engine Block,7,556
2024-02-09,Line_2,Production,Cylinder Head,8,1147
2024-02-09,Line_2,Production,Oil Pan,7,1742
2024-02-09,Line_3,Production,Cylinder Liner,8,5818
2024-02-09,Line_3,Production,Camshaft Pulley,4,3920
2024-02-10,Line_1,Production,Engine Block,7,556
2024-02-10,Line_2,Production,Cylinder Head,8,1147
2024-02-10,Line_2,Production,Oil Pan,7,1742
2024-02-10,Line_3,Production,Cylinder Liner,8,5818
2024-02-10,Line_3,Production,Camshaft Pulley,4,3920
2024-02-12,Line_1,Production,Engine Block,7,556
2024-02-12,Line_2,Production,Cylinder Head,8,1147
2024-02-12,Line_2,Production,Oil Pan,7,1742
2024-02-12,Line_3,Production,Cylinder Liner,8,5818
2024-02-12,Line_3,Production,Camshaft Pulley,4,3920
2024-02-13,Line_1,Production,Engine Block,7,556
2024-02-13,Line_2,Production,Cylinder Head,8,1147
2024-02-13,Line_2,Production,Oil Pan,7,1742
2024-02-13,Line_3,Production,Cylinder Liner,8,5818
2024-02-13,Line_3,Production,Camshaft Pulley,4,3920
2024-02-14,Line_1,Production,Engine Block,7,556
2024-02-14,Line_2,Production,Cylinder Head,8,1147
2024-02-14,Line_2,Production,Oil Pan,7,1742
2024-02-14,Line_3,Production,Cylinder Liner,8,5818
2024-02-14,Line_3,Production,Camshaft Pulley,4,3920
2024-02-15,Line_1,Production,Engine Block,7,556
2024-02-15,Line_2,Production,Cylinder Head,8,1147
2024-02-15,Line_2,Production,Oil Pan,7,1741
2024-02-15,Line_3,Production,Cylinder Liner,8,5818
2024-02-15,Line_3,Production,Camshaft Pulley,4,3920
2024-02-16,Line_1,Production,Engine Block,7,556
2024-02-16,Line_2,Production,Cylinder Head,8,1147
2024-02-16,Line_2,Production,Oil Pan,7,1741
2024-02-16,Line_3,Production,Cylinder Liner,8,5818
2024-02-16,Line_3,Production,Camshaft Pulley,4,3920
2024-02-17,Line_1,Production,Engine Block,7,556
2024-02-17,Line_2,Production,Cylinder Head,8,1147
2024-02-17,Line_2,Production,Oil Pan,7,1741
2024-02-17,Line_3,Production,Cylinder Liner,8,5818
2024-02-17,Line_3,Production,Camshaft Pulley,4,3920
2024-02-19,Line_1,Production,Engine Block,7,556
2024-02-19,Line_2,Production,Cylinder Head,8,1147
2024-02-19,Line_2,Production,Oil Pan,7,1741
2024-02-19,Line_3,Production,Cylinder Liner,8,5818
2024-02-19,Line_3,Production,Camshaft Pulley,4,3920
2024-02-20,Line_1,Production,Engine Block,7,556
2024-02-20,Line_2,Production,Cylinder Head,8,1147
2024-02-20,Line_2,Production,Oil Pan,7,1741
2024-02-20,Line_3,Production,Cylinder Liner,8,5818
2024-02-20,Line_3,Production,Camshaft Pulley,4,3920
2024-02-21,Line_1,Production,Engine Block,7,556
2024-02-21,Line_2,Production,Cylinder Head,8,1147
2024-02-21,Line_2,Production,Oil Pan,7,1741
2024-02-21,Line_3,Production,Cylinder Liner,8,5818
2024-02-21,Line_3,Production,Camshaft Pulley,4,3920
2024-02-22,Line_1,Production,Engine Block,7,556
2024-02-22,Line_2,Production,Cylinder Head,8,1147
2024-02-22,Line_2,Production,Oil Pan,7,1741
2024-02-22,Line_3,Production,Cylinder Liner,8,5818
2024-02-22,Line_3,Production,Camshaft Pulley,4,3920
2024-02-23,Line_1,Production,Engine Block,7,556
2024-02-23,Line_2,Production,Cylinder Head,8,1147
2024-02-23,Line_2,Production,Oil Pan,7,1741
2024-02-23,Line_3,Production,Cylinder Liner,8,5818
2024-02-23,Line_3,Production,Camshaft Pulley,4,3920
2024-02-24,Line_1,Production,Engine Block,7,556
2024-02-24,Line_2,Production,Cylinder Head,8,1147
2024-02-24,Line_2,Production,Oil Pan,7,1741
2024-02-24,Line_3,Production,Cylinder Liner,8,5818
2024-02-24,Line_3,Production,Camshaft Pulley,4,3920
2024-02-26,Line_1,Production,Engine Block,7,556
2024-02-26,Line_2,Production,Cylinder Head,8,1147
2024-02-26,Line_2,Production,Oil Pan,7,1741
2024-02-26,Line_3,Production,Cylinder Liner,8,5818
2024-02-26,Line_3,Production,Camshaft Pulley,4,3920
2024-02-27,Line_1,Production,Engine Block,7,556
2024-02-27,Line_2,Production,Cylinder Head,8,1147
2024-02-27,Line_2,Production,Oil Pan,7,1741
2024-02-27,Line_3,Production,Cylinder Liner,8,5818
2024-02-27,Line_3,Production,Camshaft Pulley,4,3919
2024-02-28,Line_1,Production,Engine Block,7,556
2024-02-28,Line_2,Production,Cylinder Head,8,1147
2024-02-28,Line_2,Production,Oil Pan,7,1741
2024-02-28,Line_3,Production,Cylinder Liner,8,5818
2024-02-28,Line_3,Production,Camshaft Pulley,4,3919
2024-02-29,Line_1,Production,Engine Block,7,556
2024-02-29,Line_2,Production,Cylinder Head,8,1146
2024-02-29,Line_2,Production,Oil Pan,7,1741
2024-02-29,Line_3,Production,Cylinder Liner,8,5818
2024-02-29,Line_3,Production,Camshaft Pulley,4,3919
2024-02-04,Line_1,Maintenance_Weekly,None,0,0
2024-02-04,Line_2,Maintenance_Weekly,None,0,0
2024-02-04,Line_3,Maintenance_Weekly,None,0,0
2024-02-11,Line_1,Maintenance_Weekly,None,0,0
2024-02-11,Line_2,Maintenance_Weekly,None,0,0
2024-02-11,Line_3,Maintenance_Weekly,None,0,0
2024-02-18,Line_1,Maintenance_Weekly,None,0,0
2024-02-18,Line_2,Maintenance_Weekly,None,0,0
2024-02-18,Line_3,Maintenance_Weekly,None,0,0
2024-02-25,Line_1,Maintenance_Weekly,None,0,0
2024-02-25,Line_2,Maintenance_Weekly,None,0,0
2024-02-25,Line_3,Maintenance_Weekly,None,0,0
2024-03-01,Line_1,Production,Engine Block,8,572
2024-03-01,Line_2,Production,Cylinder Head,9,1309
2024-03-01,Line_2,Production,Oil Pan,8,1809
2024-03-01,Line_3,Production,Cylinder Liner,8,5828
2024-03-01,Line_3,Production,Camshaft Pulley,4,3873
2024-03-02,Line_1,Production,Engine Block,8,572
2024-03-02,Line_2,Production,Cylinder Head,9,1309
2024-03-02,Line_2,Production,Oil Pan,8,1809
2024-03-02,Line_3,Production,Cylinder Liner,8,5828
2024-03-02,Line_3,Production,Camshaft Pulley,4,3873
2024-03-04,Line_1,Production,Engine Block,8,572
2024-03-04,Line_2,Production,Cylinder Head,9,1309
2024-03-04,Line_2,Production,Oil Pan,8,1809
2024-03-04,Line_3,Production,Cylinder Liner,8,5828
2024-03-04,Line_3,Production,Camshaft Pulley,4,3873
2024-03-05,Line_1,Production,Engine Block,8,572
2024-03-05,Line_2,Production,Cylinder Head,9,1309
2024-03-05,Line_2,Production,Oil Pan,8,1809
2024-03-05,Line_3,Production,Cylinder Liner,8,5828
2024-03-05,Line_3,Production,Camshaft Pulley,4,3873
2024-03-06,Line_1,Production,Engine Block,8,572
2024-03-06,Line_2,Production,Cylinder Head,9,1309
2024-03-06,Line_2,Production,Oil Pan,8,1808
2024-03-06,Line_3,Production,Cylinder Liner,8,5828
2024-03-06,Line_3,Production,Camshaft Pulley,4,3873
2024-03-07,Line_1,Production,Engine Block,8,572
2024-03-07,Line_2,Production,Cylinder Head,9,1309
2024-03-07,Line_2,Production,Oil Pan,8,1808
2024-03-07,Line_3,Production,Cylinder Liner,8,5828
2024-03-07,Line_3,Production,Camshaft Pulley,4,3873
2024-03-08,Line_1,Production,Engine Block,8,571
2024-03-08,Line_2,Production,Cylinder Head,9,1309
2024-03-08,Line_2,Production,Oil Pan,8,1808
2024-03-08,Line_3,Production,Cylinder Liner,8,5828
2024-03-08,Line_3,Production,Camshaft Pulley,4,3873
2024-03-09,Line_1,Production,Engine Block,8,571
2024-03-09,Line_2,Production,Cylinder Head,9,1309
2024-03-09,Line_2,Production,Oil Pan,8,1808
2024-03-09,Line_3,Production,Cylinder Liner,8,5828
2024-03-09,Line_3,Production,Camshaft Pulley,4,3873
2024-03-11,Line_1,Production,Engine Block,8,571
2024-03-11,Line_2,Production,Cylinder Head,9,1309
2024-03-11,Line_2,Production,Oil Pan,8,1808
2024-03-11,Line_3,Production,Cylinder Liner,8,5828
2024-03-11,Line_3,Production,Camshaft Pulley,4,3873
2024-03-12,Line_1,Production,Engine Block,8,571
2024-03-12,Line_2,Production,Cylinder Head,9,1309
2024-03-12,Line_2,Production,Oil Pan,8,1808
2024-03-12,Line_3,Production,Cylinder Liner,8,5828
2024-03-12,Line_3,Production,Camshaft Pulley,4,3873
2024-03-13,Line_1,Production,Engine Block,8,571
2024-03-13,Line_2,Production,Cylinder Head,9,1309
2024-03-13,Line_2,Production,Oil Pan,8,1808
2024-03-13,Line_3,Production,Cylinder Liner,8,5827
2024-03-13,Line_3,Production,Camshaft Pulley,4,3873
2024-03-14,Line_1,Production,Engine Block,8,571
2024-03-14,Line_2,Production,Cylinder Head,9,1309
2024-03-14,Line_2,Production,Oil Pan,8,1808
2024-03-14,Line_3,Production,Cylinder Liner,8,5827
2024-03-14,Line_3,Production,Camshaft Pulley,4,3873
2024-03-15,Line_1,Production,Engine Block,8,571
2024-03-15,Line_2,Production,Cylinder Head,9,1309
2024-03-15,Line_2,Production,Oil Pan,8,1808
2024-03-15,Line_3,Production,Cylinder Liner,8,5827
2024-03-15,Line_3,Production,Camshaft Pulley,4,3873
2024-03-16,Line_1,Production,Engine Block,8,571
2024-03-16,Line_2,Production,Cylinder Head,9,1309
2024-03-16,Line_2,Production,Oil Pan,8,1808
2024-03-16,Line_3,Production,Cylinder Liner,8,5827
2024-03-16,Line_3,Production,Camshaft Pulley,4,3873
2024-03-18,Line_1,Production,Engine Block,8,571
2024-03-18,Line_2,Production,Cylinder Head,9,1309
2024-03-18,Line_2,Production,Oil Pan,8,1808
2024-03-18,Line_3,Production,Cylinder Liner,8,5827
2024-03-18,Line_3,Production,Camshaft Pulley,4,3873
2024-03-19,Line_1,Production,Engine Block,8,571
2024-03-19,Line_2,Production,Cylinder Head,9,1309
2024-03-19,Line_2,Production,Oil Pan,8,1808
2024-03-19,Line_3,Production,Cylinder Liner,8,5827
2024-03-19,Line_3,Production,Camshaft Pulley,4,3873
2024-03-20,Line_1,Production,Engine Block,8,571
2024-03-20,Line_2,Production,Cylinder Head,9,1309
2024-03-20,Line_2,Production,Oil Pan,8,1808
2024-03-20,Line_3,Production,Cylinder Liner,8,5827
2024-03-20,Line_3,Production,Camshaft Pulley,4,3873
2024-03-21,Line_1,Production,Engine Block,8,571
2024-03-21,Line_2,Production,Cylinder Head,9,1309
2024-03-21,Line_2,Production,Oil Pan,8,1808
2024-03-21,Line_3,Production,Cylinder Liner,8,5827
2024-03-21,Line_3,Production,Camshaft Pulley,4,3873
2024-03-22,Line_1,Production,Engine Block,8,571
2024-03-22,Line_2,Production,Cylinder Head,9,1309
2024-03-22,Line_2,Production,Oil Pan,8,1808
2024-03-22,Line_3,Production,Cylinder Liner,8,5827
2024-03-22,Line_3,Production,Camshaft Pulley,4,3872
2024-03-23,Line_1,Production,Engine Block,8,571
2024-03-23,Line_2,Production,Cylinder Head,9,1308
2024-03-23,Line_2,Production,Oil Pan,8,1808
2024-03-23,Line_3,Production,Cylinder Liner,8,5827
2024-03-23,Line_3,Production,Camshaft Pulley,4,3872
2024-03-25,Line_1,Production,Engine Block,8,571
2024-03-25,Line_2,Production,Cylinder Head,9,1308
2024-03-25,Line_2,Production,Oil Pan,8,1808
2024-03-25,Line_3,Production,Cylinder Liner,8,5827
2024-03-25,Line_3,Production,Camshaft Pulley,4,3872
2024-03-26,Line_1,Production,Engine Block,8,571
2024-03-26,Line_2,Production,Cylinder Head,9,1308
2024-03-26,Line_2,Production,Oil Pan,8,1808
2024-03-26,Line_3,Production,Cylinder Liner,8,5827
2024-03-26,Line_3,Production,Camshaft Pulley,4,3872
2024-03-27,Line_1,Production,Engine Block,8,571
2024-03-27,Line_2,Production,Cylinder Head,9,1308
2024-03-27,Line_2,Production,Oil Pan,8,1808
2024-03-27,Line_3,Production,Cylinder Liner,8,5827
2024-03-27,Line_3,Production,Camshaft Pulley,4,3872
2024-03-28,Line_1,Production,Engine Block,8,571
2024-03-28,Line_2,Production,Cylinder Head,9,1308
2024-03-28,Line_2,Production,Oil Pan,8,1808
2024-03-28,Line_3,Production,Cylinder Liner,8,5827
2024-03-28,Line_3,Production,Camshaft Pulley,4,3872
2024-03-29,Line_1,Production,Engine Block,8,571
2024-03-29,Line_2,Production,Cylinder Head,9,1308
2024-03-29,Line_2,Production,Oil Pan,8,1808
2024-03-29,Line_3,Production,Cylinder Liner,8,5827
2024-03-29,Line_3,Production,Camshaft Pulley,4,3872
2024-03-30,Line_1,Production,Engine Block,8,571
2024-03-30,Line_2,Production,Cylinder Head,9,1308
2024-03-30,Line_2,Production,Oil Pan,8,1808
2024-03-30,Line_3,Production,Cylinder Liner,8,5827
2024-03-30,Line_3,Production,Camshaft Pulley,4,3872
2024-03-03,Line_1,Maintenance_Weekly,None,0,0
2024-03-03,Line_2,Maintenance_Weekly,None,0,0
2024-03-03,Line_3,Maintenance_Weekly,None,0,0
2024-03-10,Line_1,Maintenance_Weekly,None,0,0
2024-03-10,Line_2,Maintenance_Weekly,None,0,0
2024-03-10,Line_3,Maintenance_Weekly,None,0,0
2024-03-17,Line_1,Maintenance_Weekly,None,0,0
2024-03-17,Line_2,Maintenance_Weekly,None,0,0
2024-03-17,Line_3,Maintenance_Weekly,None,0,0
2024-03-24,Line_1,Maintenance_Weekly,None,0,0
2024-03-24,Line_2,Maintenance_Weekly,None,0,0
2024-03-24,Line_3,Maintenance_Weekly,None,0,0
2024-03-31,Line_1,Maintenance_Weekly,None,0,0
2024-03-31,Line_2,Maintenance_Weekly,None,0,0
2024-03-31,Line_3,Maintenance_Weekly,None,0,0
2024-04-01,Line_1,Production,Engine Block,6,447
2024-04-01,Line_2,Production,Cylinder Head,7,943
2024-04-01,Line_2,Production,Oil Pan,6,1350
2024-04-01,Line_3,Production,Cylinder Liner,6,4584
2024-04-01,Line_3,Production,Camshaft Pulley,4,3013
2024-04-02,Line_1,Production,Engine Block,6,447
2024-04-02,Line_2,Production,Cylinder Head,7,943
2024-04-02,Line_2,Production,Oil Pan,6,1350
2024-04-02,Line_3,Production,Cylinder Liner,6,4584
2024-04-02,Line_3,Production,Camshaft Pulley,4,3013
2024-04-03,Line_1,Production,Engine Block,6,447
2024-04-03,Line_2,Production,Cylinder Head,7,943
2024-04-03,Line_2,Production,Oil Pan,6,1350
2024-04-03,Line_3,Production,Cylinder Liner,6,4584
2024-04-03,Line_3,Production,Camshaft Pulley,4,3013
2024-04-04,Line_1,Production,Engine Block,6,447
2024-04-04,Line_2,Production,Cylinder Head,7,943
2024-04-04,Line_2,Production,Oil Pan,6,1350
2024-04-04,Line_3,Production,Cylinder Liner,6,4584
2024-04-04,Line_3,Production,Camshaft Pulley,4,3013
2024-04-05,Line_1,Production,Engine Block,6,447
2024-04-05,Line_2,Production,Cylinder Head,7,943
2024-04-05,Line_2,Production,Oil Pan,6,1350
2024-04-05,Line_3,Production,Cylinder Liner,6,4584
2024-04-05,Line_3,Production,Camshaft Pulley,4,3013
2024-04-06,Line_1,Production,Engine Block,6,447
2024-04-06,Line_2,Production,Cylinder Head,7,943
2024-04-06,Line_2,Production,Oil Pan,6,1350
2024-04-06,Line_3,Production,Cylinder Liner,6,4584
2024-04-06,Line_3,Production,Camshaft Pulley,4,3013
2024-04-08,Line_1,Production,Engine Block,6,447
2024-04-08,Line_2,Production,Cylinder Head,7,943
2024-04-08,Line_2,Production,Oil Pan,6,1350
2024-04-08,Line_3,Production,Cylinder Liner,6,4584
2024-04-08,Line_3,Production,Camshaft Pulley,4,3013
2024-04-09,Line_1,Production,Engine Block,6,447
2024-04-09,Line_2,Production,Cylinder Head,7,943
2024-04-09,Line_2,Production,Oil Pan,6,1350
2024-04-09,Line_3,Production,Cylinder Liner,6,4584
2024-04-09,Line_3,Production,Camshaft Pulley,4,3013
2024-04-10,Line_1,Production,Engine Block,6,447
2024-04-10,Line_2,Production,Cylinder Head,7,943
2024-04-10,Line_2,Production,Oil Pan,6,1350
2024-04-10,Line_3,Production,Cylinder Liner,6,4584
2024-04-10,Line_3,Production,Camshaft Pulley,4,3013
2024-04-11,Line_1,Production,Engine Block,6,447
2024-04-11,Line_2,Production,Cylinder Head,7,943
2024-04-11,Line_2,Production,Oil Pan,6,1350
2024-04-11,Line_3,Production,Cylinder Liner,6,4584
2024-04-11,Line_3,Production,Camshaft Pulley,4,3013
2024-04-12,Line_1,Production,Engine Block,6,447
2024-04-12,Line_2,Production,Cylinder Head,7,943
2024-04-12,Line_2,Production,Oil Pan,6,1350
2024-04-12,Line_3,Production,Cylinder Liner,6,4584
2024-04-12,Line_3,Production,Camshaft Pulley,4,3013
2024-04-13,Line_1,Production,Engine Block,6,447
2024-04-13,Line_2,Production,Cylinder Head,7,943
2024-04-13,Line_2,Production,Oil Pan,6,1350
2024-04-13,Line_3,Production,Cylinder Liner,6,4584
2024-04-13,Line_3,Production,Camshaft Pulley,4,3013
2024-04-15,Line_1,Production,Engine Block,6,447
2024-04-15,Line_2,Production,Cylinder Head,7,943
2024-04-15,Line_2,Production,Oil Pan,6,1349
2024-04-15,Line_3,Production,Cylinder Liner,6,4584
2024-04-15,Line_3,Production,Camshaft Pulley,4,3013
2024-04-16,Line_1,Production,Engine Block,6,447
2024-04-16,Line_2,Production,Cylinder Head,7,943
2024-04-16,Line_2,Production,Oil Pan,6,1349
2024-04-16,Line_3,Production,Cylinder Liner,6,4584
2024-04-16,Line_3,Production,Camshaft Pulley,4,3013
2024-04-17,Line_1,Production,Engine Block,6,447
2024-04-17,Line_2,Production,Cylinder Head,7,943
2024-04-17,Line_2,Production,Oil Pan,6,1349
2024-04-17,Line_3,Production,Cylinder Liner,6,4584
2024-04-17,Line_3,Production,Camshaft Pulley,4,3013
2024-04-18,Line_1,Production,Engine Block,6,447
2024-04-18,Line_2,Production,Cylinder Head,7,943
2024-04-18,Line_2,Production,Oil Pan,6,1349
2024-04-18,Line_3,Production,Cylinder Liner,6,4584
2024-04-18,Line_3,Production,Camshaft Pulley,4,3013
2024-04-19,Line_1,Production,Engine Block,6,447
2024-04-19,Line_2,Production,Cylinder Head,7,943
2024-04-19,Line_2,Production,Oil Pan,6,1349
2024-04-19,Line_3,Production,Cylinder Liner,6,4584
2024-04-19,Line_3,Production,Camshaft Pulley,4,3013
2024-04-20,Line_1,Production,Engine Block,6,447
2024-04-20,Line_2,Production,Cylinder Head,7,943
2024-04-20,Line_2,Production,Oil Pan,6,1349
2024-04-20,Line_3,Production,Cylinder Liner,6,4584
2024-04-20,Line_3,Production,Camshaft Pulley,4,3012
2024-04-22,Line_1,Production,Engine Block,6,447
2024-04-22,Line_2,Production,Cylinder Head,7,942
2024-04-22,Line_2,Production,Oil Pan,6,1349
2024-04-22,Line_3,Production,Cylinder Liner,6,4584
2024-04-22,Line_3,Production,Camshaft Pulley,4,3012
2024-04-23,Line_1,Production,Engine Block,6,447
2024-04-23,Line_2,Production,Cylinder Head,7,942
2024-04-23,Line_2,Production,Oil Pan,6,1349
2024-04-23,Line_3,Production,Cylinder Liner,6,4584
2024-04-23,Line_3,Production,Camshaft Pulley,4,3012
2024-04-24,Line_1,Production,Engine Block,6,447
2024-04-24,Line_2,Production,Cylinder Head,7,942
2024-04-24,Line_2,Production,Oil Pan,6,1349
2024-04-24,Line_3,Production,Cylinder Liner,6,4584
2024-04-24,Line_3,Production,Camshaft Pulley,4,3012
2024-04-25,Line_1,Production,Engine Block,6,447
2024-04-25,Line_2,Production,Cylinder Head,7,942
2024-04-25,Line_2,Production,Oil Pan,6,1349
2024-04-25,Line_3,Production,Cylinder Liner,6,4584
2024-04-25,Line_3,Production,Camshaft Pulley,4,3012
2024-04-26,Line_1,Production,Engine Block,6,447
2024-04-26,Line_2,Production,Cylinder Head,7,942
2024-04-26,Line_2,Production,Oil Pan,6,1349
2024-04-26,Line_3,Production,Cylinder Liner,6,4584
2024-04-26,Line_3,Production,Camshaft Pulley,4,3012
2024-04-27,Line_1,Production,Engine Block,6,447
2024-04-27,Line_2,Production,Cylinder Head,7,942
2024-04-27,Line_2,Production,Oil Pan,6,1349
2024-04-27,Line_3,Production,Cylinder Liner,6,4584
2024-04-27,Line_3,Production,Camshaft Pulley,4,3012
2024-04-29,Line_1,Production,Engine Block,6,446
2024-04-29,Line_2,Production,Cylinder Head,7,942
2024-04-29,Line_2,Production,Oil Pan,6,1349
2024-04-29,Line_3,Production,Cylinder Liner,6,4584
2024-04-29,Line_3,Production,Camshaft Pulley,4,3012
2024-04-30,Line_1,Production,Engine Block,6,446
2024-04-30,Line_2,Production,Cylinder Head,7,942
2024-04-30,Line_2,Production,Oil Pan,6,1349
2024-04-30,Line_3,Production,Cylinder Liner,6,4583
2024-04-30,Line_3,Production,Camshaft Pulley,4,3012
2024-04-07,Line_1,Maintenance_Weekly,None,0,0
2024-04-07,Line_2,Maintenance_Weekly,None,0,0
2024-04-07,Line_3,Maintenance_Weekly,None,0,0
2024-04-14,Line_1,Maintenance_Weekly,None,0,0
2024-04-14,Line_2,Maintenance_Weekly,None,0,0
2024-04-14,Line_3,Maintenance_Weekly,None,0,0
2024-04-21,Line_1,Maintenance_Weekly,None,0,0
2024-04-21,Line_2,Maintenance_Weekly,None,0,0
2024-04-21,Line_3,Maintenance_Weekly,None,0,0
2024-04-28,Line_1,Maintenance_Weekly,None,0,0
2024-04-28,Line_2,Maintenance_Weekly,None,0,0
2024-04-28,Line_3,Maintenance_Weekly,None,0,0
2024-05-01,Line_1,Production,Engine Block,6,450
2024-05-01,Line_2,Production,Cylinder Head,6,893
2024-05-01,Line_2,Production,Oil Pan,6,1270
2024-05-01,Line_3,Production,Cylinder Liner,6,4386
2024-05-01,Line_3,Production,Camshaft Pulley,3,2950
2024-05-02,Line_1,Production,Engine Block,6,450
2024-05-02,Line_2,Production,Cylinder Head,6,893
2024-05-02,Line_2,Production,Oil Pan,6,1270
2024-05-02,Line_3,Production,Cylinder Liner,6,4385
2024-05-02,Line_3,Production,Camshaft Pulley,3,2950
2024-05-03,Line_1,Production,Engine Block,6,450
2024-05-03,Line_2,Production,Cylinder Head,6,893
2024-05-03,Line_2,Production,Oil Pan,6,1270
2024-05-03,Line_3,Production,Cylinder Liner,6,4385
2024-05-03,Line_3,Production,Camshaft Pulley,3,2950
2024-05-04,Line_1,Production,Engine Block,6,450
2024-05-04,Line_2,Production,Cylinder Head,6,893
2024-05-04,Line_2,Production,Oil Pan,6,1270
2024-05-04,Line_3,Production,Cylinder Liner,6,4385
2024-05-04,Line_3,Production,Camshaft Pulley,3,2950
2024-05-06,Line_1,Production,Engine Block,6,450
2024-05-06,Line_2,Production,Cylinder Head,6,893
2024-05-06,Line_2,Production,Oil Pan,6,1270
2024-05-06,Line_3,Production,Cylinder Liner,6,4385
2024-05-06,Line_3,Production,Camshaft Pulley,3,2950
2024-05-07,Line_1,Production,Engine Block,6,450
2024-05-07,Line_2,Production,Cylinder Head,6,893
2024-05-07,Line_2,Production,Oil Pan,6,1270
2024-05-07,Line_3,Production,Cylinder Liner,6,4385
2024-05-07,Line_3,Production,Camshaft Pulley,3,2950
2024-05-08,Line_1,Production,Engine Block,6,450
2024-05-08,Line_2,Production,Cylinder Head,6,893
2024-05-08,Line_2,Production,Oil Pan,6,1270
2024-05-08,Line_3,Production,Cylinder Liner,6,4385
2024-05-08,Line_3,Production,Camshaft Pulley,3,2950
2024-05-09,Line_1,Production,Engine Block,6,450
2024-05-09,Line_2,Production,Cylinder Head,6,893
2024-05-09,Line_2,Production,Oil Pan,6,1270
2024-05-09,Line_3,Production,Cylinder Liner,6,4385
2024-05-09,Line_3,Production,Camshaft Pulley,3,2950
2024-05-10,Line_1,Production,Engine Block,6,450
2024-05-10,Line_2,Production,Cylinder Head,6,893
2024-05-10,Line_2,Production,Oil Pan,6,1270
2024-05-10,Line_3,Production,Cylinder Liner,6,4385
2024-05-10,Line_3,Production,Camshaft Pulley,3,2950
2024-05-11,Line_1,Production,Engine Block,6,450
2024-05-11,Line_2,Production,Cylinder Head,6,893
2024-05-11,Line_2,Production,Oil Pan,6,1269
2024-05-11,Line_3,Production,Cylinder Liner,6,4385
2024-05-11,Line_3,Production,Camshaft Pulley,3,2950
2024-05-13,Line_1,Production,Engine Block,6,450
2024-05-13,Line_2,Production,Cylinder Head,6,893
2024-05-13,Line_2,Production,Oil Pan,6,1269
2024-05-13,Line_3,Production,Cylinder Liner,6,4385
2024-05-13,Line_3,Production,Camshaft Pulley,3,2950
2024-05-14,Line_1,Production,Engine Block,6,449
2024-05-14,Line_2,Production,Cylinder Head,6,893
2024-05-14,Line_2,Production,Oil Pan,6,1269
2024-05-14,Line_3,Production,Cylinder Liner,6,4385
2024-05-14,Line_3,Production,Camshaft Pulley,3,2950
2024-05-15,Line_1,Production,Engine Block,6,449
2024-05-15,Line_2,Production,Cylinder Head,6,893
2024-05-15,Line_2,Production,Oil Pan,6,1269
2024-05-15,Line_3,Production,Cylinder Liner,6,4385
2024-05-15,Line_3,Production,Camshaft Pulley,3,2950
2024-05-16,Line_1,Production,Engine Block,6,449
2024-05-16,Line_2,Production,Cylinder Head,6,893
2024-05-16,Line_2,Production,Oil Pan,6,1269
2024-05-16,Line_3,Production,Cylinder Liner,6,4385
2024-05-16,Line_3,Production,Camshaft Pulley,3,2950
2024-05-17,Line_1,Production,Engine Block,6,449
2024-05-17,Line_2,Production,Cylinder Head,6,892
2024-05-17,Line_2,Production,Oil Pan,6,1269
2024-05-17,Line_3,Production,Cylinder Liner,6,4385
2024-05-17,Line_3,Production,Camshaft Pulley,3,2950
2024-05-18,Line_1,Production,Engine Block,6,449
2024-05-18,Line_2,Production,Cylinder Head,6,892
2024-05-18,Line_2,Production,Oil Pan,6,1269
2024-05-18,Line_3,Production,Cylinder Liner,6,4385
2024-05-18,Line_3,Production,Camshaft Pulley,3,2950
2024-05-20,Line_1,Production,Engine Block,6,449
2024-05-20,Line_2,Production,Cylinder Head,6,892
2024-05-20,Line_2,Production,Oil Pan,6,1269
2024-05-20,Line_3,Production,Cylinder Liner,6,4385
2024-05-20,Line_3,Production,Camshaft Pulley,3,2950
2024-05-21,Line_1,Production,Engine Block,6,449
2024-05-21,Line_2,Production,Cylinder Head,6,892
2024-05-21,Line_2,Production,Oil Pan,6,1269
2024-05-21,Line_3,Production,Cylinder Liner,6,4385
2024-05-21,Line_3,Production,Camshaft Pulley,3,2950
2024-05-22,Line_1,Production,Engine Block,6,449
2024-05-22,Line_2,Production,Cylinder Head,6,892
2024-05-22,Line_2,Production,Oil Pan,6,1269
2024-05-22,Line_3,Production,Cylinder Liner,6,4385
2024-05-22,Line_3,Production,Camshaft Pulley,3,2950
2024-05-23,Line_1,Production,Engine Block,6,449
2024-05-23,Line_2,Production,Cylinder Head,6,892
2024-05-23,Line_2,Production,Oil Pan,6,1269
2024-05-23,Line_3,Production,Cylinder Liner,6,4385
2024-05-23,Line_3,Production,Camshaft Pulley,3,2950
2024-05-24,Line_1,Production,Engine Block,6,449
2024-05-24,Line_2,Production,Cylinder Head,6,892
2024-05-24,Line_2,Production,Oil Pan,6,1269
2024-05-24,Line_3,Production,Cylinder Liner,6,4385
2024-05-24,Line_3,Production,Camshaft Pulley,3,2950
2024-05-25,Line_1,Production,Engine Block,6,449
2024-05-25,Line_2,Production,Cylinder Head,6,892
2024-05-25,Line_2,Production,Oil Pan,6,1269
2024-05-25,Line_3,Production,Cylinder Liner,6,4385
2024-05-25,Line_3,Production,Camshaft Pulley,3,2950
2024-05-27,Line_1,Production,Engine Block,6,449
2024-05-27,Line_2,Production,Cylinder Head,6,892
2024-05-27,Line_2,Production,Oil Pan,6,1269
2024-05-27,Line_3,Production,Cylinder Liner,6,4385
2024-05-27,Line_3,Production,Camshaft Pulley,3,2950
2024-05-28,Line_1,Production,Engine Block,6,449
2024-05-28,Line_2,Production,Cylinder Head,6,892
2024-05-28,Line_2,Production,Oil Pan,6,1269
2024-05-28,Line_3,Production,Cylinder Liner,6,4385
2024-05-28,Line_3,Production,Camshaft Pulley,3,2950
2024-05-29,Line_1,Production,Engine Block,6,449
2024-05-29,Line_2,Production,Cylinder Head,6,892
2024-05-29,Line_2,Production,Oil Pan,6,1269
2024-05-29,Line_3,Production,Cylinder Liner,6,4385
2024-05-29,Line_3,Production,Camshaft Pulley,3,2950
2024-05-30,Line_1,Production,Engine Block,6,449
2024-05-30,Line_2,Production,Cylinder Head,6,892
2024-05-30,Line_2,Production,Oil Pan,6,1269
2024-05-30,Line_3,Production,Cylinder Liner,6,4385
2024-05-30,Line_3,Production,Camshaft Pulley,3,2949
2024-05-31,Line_1,Production,Engine Block,6,449
2024-05-31,Line_2,Production,Cylinder Head,6,892
2024-05-31,Line_2,Production,Oil Pan,6,1269
2024-05-31,Line_3,Production,Cylinder Liner,6,4385
2024-05-31,Line_3,Production,Camshaft Pulley,3,2949
2024-05-05,Line_1,Maintenance_Weekly,None,0,0
2024-05-05,Line_2,Maintenance_Weekly,None,0,0
2024-05-05,Line_3,Maintenance_Weekly,None,0,0
2024-05-12,Line_1,Maintenance_Weekly,None,0,0
2024-05-12,Line_2,Maintenance_Weekly,None,0,0
2024-05-12,Line_3,Maintenance_Weekly,None,0,0
2024-05-19,Line_1,Maintenance_Weekly,None,0,0
2024-05-19,Line_2,Maintenance_Weekly,None,0,0
2024-05-19,Line_3,Maintenance_Weekly,None,0,0
2024-05-26,Line_1,Maintenance_Weekly,None,0,0
2024-05-26,Line_2,Maintenance_Weekly,None,0,0
2024-05-26,Line_3,Maintenance_Weekly,None,0,0
2024-06-01,Line_1,Production,Engine Block,6,469
2024-06-01,Line_2,Production,Cylinder Head,7,922
2024-06-01,Line_2,Production,Oil Pan,6,1332
2024-06-01,Line_3,Production,Cylinder Liner,6,4603
2024-06-01,Line_3,Production,Camshaft Pulley,3,2903
2024-06-03,Line_1,Production,Engine Block,6,469
2024-06-03,Line_2,Production,Cylinder Head,7,922
2024-06-03,Line_2,Production,Oil Pan,6,1332
2024-06-03,Line_3,Production,Cylinder Liner,6,4603
2024-06-03,Line_3,Production,Camshaft Pulley,3,2903
2024-06-04,Line_1,Production,Engine Block,6,469
2024-06-04,Line_2,Production,Cylinder Head,7,922
2024-06-04,Line_2,Production,Oil Pan,6,1332
2024-06-04,Line_3,Production,Cylinder Liner,6,4603
2024-06-04,Line_3,Production,Camshaft Pulley,3,2903
2024-06-05,Line_1,Production,Engine Block,6,469
2024-06-05,Line_2,Production,Cylinder Head,7,922
2024-06-05,Line_2,Production,Oil Pan,6,1332
2024-06-05,Line_3,Production,Cylinder Liner,6,4602
2024-06-05,Line_3,Production,Camshaft Pulley,3,2902
2024-06-06,Line_1,Production,Engine Block,6,469
2024-06-06,Line_2,Production,Cylinder Head,7,922
2024-06-06,Line_2,Production,Oil Pan,6,1332
2024-06-06,Line_3,Production,Cylinder Liner,6,4602
2024-06-06,Line_3,Production,Camshaft Pulley,3,2902
2024-06-07,Line_1,Production,Engine Block,6,469
2024-06-07,Line_2,Production,Cylinder Head,7,922
2024-06-07,Line_2,Production,Oil Pan,6,1332
2024-06-07,Line_3,Production,Cylinder Liner,6,4602
2024-06-07,Line_3,Production,Camshaft Pulley,3,2902
2024-06-08,Line_1,Production,Engine Block,6,469
2024-06-08,Line_2,Production,Cylinder Head,7,922
2024-06-08,Line_2,Production,Oil Pan,6,1332
2024-06-08,Line_3,Production,Cylinder Liner,6,4602
2024-06-08,Line_3,Production,Camshaft Pulley,3,2902
2024-06-10,Line_1,Production,Engine Block,6,469
2024-06-10,Line_2,Production,Cylinder Head,7,922
2024-06-10,Line_2,Production,Oil Pan,6,1332
2024-06-10,Line_3,Production,Cylinder Liner,6,4602
2024-06-10,Line_3,Production,Camshaft Pulley,3,2902
2024-06-11,Line_1,Production,Engine Block,6,469
2024-06-11,Line_2,Production,Cylinder Head,7,922
2024-06-11,Line_2,Production,Oil Pan,6,1332
2024-06-11,Line_3,Production,Cylinder Liner,6,4602
2024-06-11,Line_3,Production,Camshaft Pulley,3,2902
2024-06-12,Line_1,Production,Engine Block,6,469
2024-06-12,Line_2,Production,Cylinder Head,7,922
2024-06-12,Line_2,Production,Oil Pan,6,1332
2024-06-12,Line_3,Production,Cylinder Liner,6,4602
2024-06-12,Line_3,Production,Camshaft Pulley,3,2902
2024-06-13,Line_1,Production,Engine Block,6,469
2024-06-13,Line_2,Production,Cylinder Head,7,922
2024-06-13,Line_2,Production,Oil Pan,6,1332
2024-06-13,Line_3,Production,Cylinder Liner,6,4602
2024-06-13,Line_3,Production,Camshaft Pulley,3,2902
2024-06-14,Line_1,Production,Engine Block,6,469
2024-06-14,Line_2,Production,Cylinder Head,7,921
2024-06-14,Line_2,Production,Oil Pan,6,1332
2024-06-14,Line_3,Production,Cylinder Liner,6,4602
2024-06-14,Line_3,Production,Camshaft Pulley,3,2902
2024-06-15,Line_1,Production,Engine Block,6,469
2024-06-15,Line_2,Production,Cylinder Head,7,921
2024-06-15,Line_2,Production,Oil Pan,6,1332
2024-06-15,Line_3,Production,Cylinder Liner,6,4602
2024-06-15,Line_3,Production,Camshaft Pulley,3,2902
2024-06-17,Line_1,Production,Engine Block,6,469
2024-06-17,Line_2,Production,Cylinder Head,7,921
2024-06-17,Line_2,Production,Oil Pan,6,1332
2024-06-17,Line_3,Production,Cylinder Liner,6,4602
2024-06-17,Line_3,Production,Camshaft Pulley,3,2902
2024-06-18,Line_1,Production,Engine Block,6,469
2024-06-18,Line_2,Production,Cylinder Head,7,921
2024-06-18,Line_2,Production,Oil Pan,6,1332
2024-06-18,Line_3,Production,Cylinder Liner,6,4602
2024-06-18,Line_3,Production,Camshaft Pulley,3,2902
2024-06-19,Line_1,Production,Engine Block,6,469
2024-06-19,Line_2,Production,Cylinder Head,7,921
2024-06-19,Line_2,Production,Oil Pan,6,1332
2024-06-19,Line_3,Production,Cylinder Liner,6,4602
2024-06-19,Line_3,Production,Camshaft Pulley,3,2902
2024-06-20,Line_1,Production,Engine Block,6,469
2024-06-20,Line_2,Production,Cylinder Head,7,921
2024-06-20,Line_2,Production,Oil Pan,6,1332
2024-06-20,Line_3,Production,Cylinder Liner,6,4602
2024-06-20,Line_3,Production,Camshaft Pulley,3,2902
2024-06-21,Line_1,Production,Engine Block,6,469
2024-06-21,Line_2,Production,Cylinder Head,7,921
2024-06-21,Line_2,Production,Oil Pan,6,1332
2024-06-21,Line_3,Production,Cylinder Liner,6,4602
2024-06-21,Line_3,Production,Camshaft Pulley,3,2902
2024-06-22,Line_1,Production,Engine Block,6,469
2024-06-22,Line_2,Production,Cylinder Head,7,921
2024-06-22,Line_2,Production,Oil Pan,6,1332
2024-06-22,Line_3,Production,Cylinder Liner,6,4602
2024-06-22,Line_3,Production,Camshaft Pulley,3,2902
2024-06-24,Line_1,Production,Engine Block,6,469
2024-06-24,Line_2,Production,Cylinder Head,7,921
2024-06-24,Line_2,Production,Oil Pan,6,1332
2024-06-24,Line_3,Production,Cylinder Liner,6,4602
2024-06-24,Line_3,Production,Camshaft Pulley,3,2902
2024-06-25,Line_1,Production,Engine Block,6,469
2024-06-25,Line_2,Production,Cylinder Head,7,921
2024-06-25,Line_2,Production,Oil Pan,6,1332
2024-06-25,Line_3,Production,Cylinder Liner,6,4602
2024-06-25,Line_3,Production,Camshaft Pulley,3,2902
2024-06-26,Line_1,Production,Engine Block,6,469
2024-06-26,Line_2,Production,Cylinder Head,7,921
2024-06-26,Line_2,Production,Oil Pan,6,1332
2024-06-26,Line_3,Production,Cylinder Liner,6,4602
2024-06-26,Line_3,Production,Camshaft Pulley,3,2902
2024-06-27,Line_1,Production,Engine Block,6,469
2024-06-27,Line_2,Production,Cylinder Head,7,921
2024-06-27,Line_2,Production,Oil Pan,6,1331
2024-06-27,Line_3,Production,Cylinder Liner,6,4602
2024-06-27,Line_3,Production,Camshaft Pulley,3,2902
2024-06-28,Line_1,Production,Engine Block,6,469
2024-06-28,Line_2,Production,Cylinder Head,7,921
2024-06-28,Line_2,Production,Oil Pan,6,1331
2024-06-28,Line_3,Production,Cylinder Liner,6,4602
2024-06-28,Line_3,Production,Camshaft Pulley,3,2902
2024-06-29,Line_1,Production,Engine Block,6,469
2024-06-29,Line_2,Production,Cylinder Head,7,921
2024-06-29,Line_2,Production,Oil Pan,6,1331
2024-06-29,Line_3,Production,Cylinder Liner,6,4602
2024-06-29,Line_3,Production,Camshaft Pulley,3,2902
2024-06-02,Line_1,Maintenance_Weekly,None,0,0
2024-06-02,Line_2,Maintenance_Weekly,None,0,0
2024-06-02,Line_3,Maintenance_Weekly,None,0,0
2024-06-09,Line_1,Maintenance_Weekly,None,0,0
2024-06-09,Line_2,Maintenance_Weekly,None,0,0
2024-06-09,Line_3,Maintenance_Weekly,None,0,0
2024-06-16,Line_1,Maintenance_Weekly,None,0,0
2024-06-16,Line_2,Maintenance_Weekly,None,0,0
2024-06-16,Line_3,Maintenance_Weekly,None,0,0
2024-06-23,Line_1,Maintenance_Weekly,None,0,0
2024-06-23,Line_2,Maintenance_Weekly,None,0,0
2024-06-23,Line_3,Maintenance_Weekly,None,0,0
2024-06-30,Line_1,Maintenance_Weekly,None,0,0
2024-06-30,Line_2,Maintenance_Weekly,None,0,0
2024-06-30,Line_3,Maintenance_Weekly,None,0,0
2024-07-01,Line_1,Production,Engine Block,6,405
2024-07-01,Line_2,Production,Cylinder Head,6,806
2024-07-01,Line_2,Production,Oil Pan,5,1116
2024-07-01,Line_3,Production,Cylinder Liner,6,4180
2024-07-01,Line_3,Production,Camshaft Pulley,3,2791
2024-07-02,Line_1,Production,Engine Block,6,405
2024-07-02,Line_2,Production,Cylinder Head,6,806
2024-07-02,Line_2,Production,Oil Pan,5,1116
2024-07-02,Line_3,Production,Cylinder Liner,6,4180
2024-07-02,Line_3,Production,Camshaft Pulley,3,2791
2024-07-03,Line_1,Production,Engine Block,6,405
2024-07-03,Line_2,Production,Cylinder Head,6,806
2024-07-03,Line_2,Production,Oil Pan,5,1116
2024-07-03,Line_3,Production,Cylinder Liner,6,4180
2024-07-03,Line_3,Production,Camshaft Pulley,3,2791
2024-07-04,Line_1,Production,Engine Block,6,405
2024-07-04,Line_2,Production,Cylinder Head,6,806
2024-07-04,Line_2,Production,Oil Pan,5,1116
2024-07-04,Line_3,Production,Cylinder Liner,6,4180
2024-07-04,Line_3,Production,Camshaft Pulley,3,2791
2024-07-05,Line_1,Production,Engine Block,6,405
2024-07-05,Line_2,Production,Cylinder Head,6,806
2024-07-05,Line_2,Production,Oil Pan,5,1116
2024-07-05,Line_3,Production,Cylinder Liner,6,4180
2024-07-05,Line_3,Production,Camshaft Pulley,3,2791
2024-07-06,Line_1,Production,Engine Block,6,405
2024-07-06,Line_2,Production,Cylinder Head,6,806
2024-07-06,Line_2,Production,Oil Pan,5,1116
2024-07-06,Line_3,Production,Cylinder Liner,6,4180
2024-07-06,Line_3,Production,Camshaft Pulley,3,2791
2024-07-08,Line_1,Production,Engine Block,6,405
2024-07-08,Line_2,Production,Cylinder Head,6,806
2024-07-08,Line_2,Production,Oil Pan,5,1116
2024-07-08,Line_3,Production,Cylinder Liner,6,4180
2024-07-08,Line_3,Production,Camshaft Pulley,3,2791
2024-07-09,Line_1,Production,Engine Block,6,405
2024-07-09,Line_2,Production,Cylinder Head,6,806
2024-07-09,Line_2,Production,Oil Pan,5,1116
2024-07-09,Line_3,Production,Cylinder Liner,6,4180
2024-07-09,Line_3,Production,Camshaft Pulley,3,2791
2024-07-10,Line_1,Production,Engine Block,6,404
2024-07-10,Line_2,Production,Cylinder Head,6,806
2024-07-10,Line_2,Production,Oil Pan,5,1116
2024-07-10,Line_3,Production,Cylinder Liner,6,4180
2024-07-10,Line_3,Production,Camshaft Pulley,3,2791
2024-07-11,Line_1,Production,Engine Block,6,404
2024-07-11,Line_2,Production,Cylinder Head,6,806
2024-07-11,Line_2,Production,Oil Pan,5,1116
2024-07-11,Line_3,Production,Cylinder Liner,6,4180
2024-07-11,Line_3,Production,Camshaft Pulley,3,2791
2024-07-12,Line_1,Production,Engine Block,6,404
2024-07-12,Line_2,Production,Cylinder Head,6,806
2024-07-12,Line_2,Production,Oil Pan,5,1116
2024-07-12,Line_3,Production,Cylinder Liner,6,4180
2024-07-12,Line_3,Production,Camshaft Pulley,3,2791
2024-07-13,Line_1,Production,Engine Block,6,404
2024-07-13,Line_2,Production,Cylinder Head,6,806
2024-07-13,Line_2,Production,Oil Pan,5,1116
2024-07-13,Line_3,Production,Cylinder Liner,6,4180
2024-07-13,Line_3,Production,Camshaft Pulley,3,2791
2024-07-15,Line_1,Production,Engine Block,6,404
2024-07-15,Line_2,Production,Cylinder Head,6,806
2024-07-15,Line_2,Production,Oil Pan,5,1116
2024-07-15,Line_3,Production,Cylinder Liner,6,4180
2024-07-15,Line_3,Production,Camshaft Pulley,3,2791
2024-07-16,Line_1,Production,Engine Block,6,404
2024-07-16,Line_2,Production,Cylinder Head,6,806
2024-07-16,Line_2,Production,Oil Pan,5,1116
2024-07-16,Line_3,Production,Cylinder Liner,6,4180
2024-07-16,Line_3,Production,Camshaft Pulley,3,2791
2024-07-17,Line_1,Production,Engine Block,6,404
2024-07-17,Line_2,Production,Cylinder Head,6,806
2024-07-17,Line_2,Production,Oil Pan,5,1116
2024-07-17,Line_3,Production,Cylinder Liner,6,4179
2024-07-17,Line_3,Production,Camshaft Pulley,3,2791
2024-07-18,Line_1,Production,Engine Block,6,404
2024-07-18,Line_2,Production,Cylinder Head,6,806
2024-07-18,Line_2,Production,Oil Pan,5,1116
2024-07-18,Line_3,Production,Cylinder Liner,6,4179
2024-07-18,Line_3,Production,Camshaft Pulley,3,2791
2024-07-19,Line_1,Production,Engine Block,6,404
2024-07-19,Line_2,Production,Cylinder Head,6,806
2024-07-19,Line_2,Production,Oil Pan,5,1116
2024-07-19,Line_3,Production,Cylinder Liner,6,4179
2024-07-19,Line_3,Production,Camshaft Pulley,3,2791
2024-07-20,Line_1,Production,Engine Block,6,404
2024-07-20,Line_2,Production,Cylinder Head,6,806
2024-07-20,Line_2,Production,Oil Pan,5,1116
2024-07-20,Line_3,Production,Cylinder Liner,6,4179
2024-07-20,Line_3,Production,Camshaft Pulley,3,2791
2024-07-22,Line_1,Production,Engine Block,6,404
2024-07-22,Line_2,Production,Cylinder Head,6,806
2024-07-22,Line_2,Production,Oil Pan,5,1116
2024-07-22,Line_3,Production,Cylinder Liner,6,4179
2024-07-22,Line_3,Production,Camshaft Pulley,3,2791
2024-07-23,Line_1,Production,Engine Block,6,404
2024-07-23,Line_2,Production,Cylinder Head,6,806
2024-07-23,Line_2,Production,Oil Pan,5,1116
2024-07-23,Line_3,Production,Cylinder Liner,6,4179
2024-07-23,Line_3,Production,Camshaft Pulley,3,2791
2024-07-24,Line_1,Production,Engine Block,6,404
2024-07-24,Line_2,Production,Cylinder Head,6,806
2024-07-24,Line_2,Production,Oil Pan,5,1116
2024-07-24,Line_3,Production,Cylinder Liner,6,4179
2024-07-24,Line_3,Production,Camshaft Pulley,3,2791
2024-07-25,Line_1,Production,Engine Block,6,404
2024-07-25,Line_2,Production,Cylinder Head,6,806
2024-07-25,Line_2,Production,Oil Pan,5,1116
2024-07-25,Line_3,Production,Cylinder Liner,6,4179
2024-07-25,Line_3,Production,Camshaft Pulley,3,2791
2024-07-26,Line_1,Production,Engine Block,6,404
2024-07-26,Line_2,Production,Cylinder Head,6,806
2024-07-26,Line_2,Production,Oil Pan,5,1116
2024-07-26,Line_3,Production,Cylinder Liner,6,4179
2024-07-26,Line_3,Production,Camshaft Pulley,3,2790
2024-07-27,Line_1,Production,Engine Block,6,404
2024-07-27,Line_2,Production,Cylinder Head,6,805
2024-07-27,Line_2,Production,Oil Pan,5,1116
2024-07-27,Line_3,Production,Cylinder Liner,6,4179
2024-07-27,Line_3,Production,Camshaft Pulley,3,2790
2024-07-29,Line_1,Production,Engine Block,6,404
2024-07-29,Line_2,Production,Cylinder Head,6,805
2024-07-29,Line_2,Production,Oil Pan,5,1115
2024-07-29,Line_3,Production,Cylinder Liner,6,4179
2024-07-29,Line_3,Production,Camshaft Pulley,3,2790
2024-07-30,Line_1,Production,Engine Block,6,404
2024-07-30,Line_2,Production,Cylinder Head,6,805
2024-07-30,Line_2,Production,Oil Pan,5,1115
2024-07-30,Line_3,Production,Cylinder Liner,6,4179
2024-07-30,Line_3,Production,Camshaft Pulley,3,2790
2024-07-31,Line_1,Production,Engine Block,6,404
2024-07-31,Line_2,Production,Cylinder Head,6,805
2024-07-31,Line_2,Production,Oil Pan,5,1115
2024-07-31,Line_3,Production,Cylinder Liner,6,4179
2024-07-31,Line_3,Production,Camshaft Pulley,3,2790
2024-07-07,Line_1,Maintenance_Weekly,None,0,0
2024-07-07,Line_2,Maintenance_Weekly,None,0,0
2024-07-07,Line_3,Maintenance_Weekly,None,0,0
2024-07-14,Line_1,Maintenance_Weekly,None,0,0
2024-07-14,Line_2,Maintenance_Weekly,None,0,0
2024-07-14,Line_3,Maintenance_Weekly,None,0,0
2024-07-21,Line_1,Maintenance_Weekly,None,0,0
2024-07-21,Line_2,Maintenance_Weekly,None,0,0
2024-07-21,Line_3,Maintenance_Weekly,None,0,0
2024-07-28,Line_1,Maintenance_Weekly,None,0,0
2024-07-28,Line_2,Maintenance_Weekly,None,0,0
2024-07-28,Line_3,Maintenance_Weekly,None,0,0
2024-08-01,Line_1,Production,Engine Block,5,390
2024-08-01,Line_2,Production,Cylinder Head,6,772
2024-08-01,Line_2,Production,Oil Pan,5,1058
2024-08-01,Line_3,Production,Cylinder Liner,5,3848
2024-08-01,Line_3,Production,Camshaft Pulley,3,2504
2024-08-02,Line_1,Production,Engine Block,5,390
2024-08-02,Line_2,Production,Cylinder Head,6,772
2024-08-02,Line_2,Production,Oil Pan,5,1058
2024-08-02,Line_3,Production,Cylinder Liner,5,3848
2024-08-02,Line_3,Production,Camshaft Pulley,3,2504
2024-08-03,Line_1,Production,Engine Block,5,390
2024-08-03,Line_2,Production,Cylinder Head,6,772
2024-08-03,Line_2,Production,Oil Pan,5,1058
2024-08-03,Line_3,Production,Cylinder Liner,5,3848
2024-08-03,Line_3,Production,Camshaft Pulley,3,2504
2024-08-05,Line_1,Production,Engine Block,5,390
2024-08-05,Line_2,Production,Cylinder Head,6,772
2024-08-05,Line_2,Production,Oil Pan,5,1058
2024-08-05,Line_3,Production,Cylinder Liner,5,3848
2024-08-05,Line_3,Production,Camshaft Pulley,3,2504
2024-08-06,Line_1,Production,Engine Block,5,390
2024-08-06,Line_2,Production,Cylinder Head,6,772
2024-08-06,Line_2,Production,Oil Pan,5,1058
2024-08-06,Line_3,Production,Cylinder Liner,5,3848
2024-08-06,Line_3,Production,Camshaft Pulley,3,2504
2024-08-07,Line_1,Production,Engine Block,5,390
2024-08-07,Line_2,Production,Cylinder Head,6,772
2024-08-07,Line_2,Production,Oil Pan,5,1058
2024-08-07,Line_3,Production,Cylinder Liner,5,3848
2024-08-07,Line_3,Production,Camshaft Pulley,3,2504
2024-08-08,Line_1,Production,Engine Block,5,390
2024-08-08,Line_2,Production,Cylinder Head,6,772
2024-08-08,Line_2,Production,Oil Pan,5,1058
2024-08-08,Line_3,Production,Cylinder Liner,5,3848
2024-08-08,Line_3,Production,Camshaft Pulley,3,2504
2024-08-09,Line_1,Production,Engine Block,5,390
2024-08-09,Line_2,Production,Cylinder Head,6,772
2024-08-09,Line_2,Production,Oil Pan,5,1058
2024-08-09,Line_3,Production,Cylinder Liner,5,3848
2024-08-09,Line_3,Production,Camshaft Pulley,3,2504
2024-08-10,Line_1,Production,Engine Block,5,390
2024-08-10,Line_2,Production,Cylinder Head,6,772
2024-08-10,Line_2,Production,Oil Pan,5,1058
2024-08-10,Line_3,Production,Cylinder Liner,5,3848
2024-08-10,Line_3,Production,Camshaft Pulley,3,2504
2024-08-12,Line_1,Production,Engine Block,5,390
2024-08-12,Line_2,Production,Cylinder Head,6,772
2024-08-12,Line_2,Production,Oil Pan,5,1058
2024-08-12,Line_3,Production,Cylinder Liner,5,3848
2024-08-12,Line_3,Production,Camshaft Pulley,3,2504
2024-08-13,Line_1,Production,Engine Block,5,390
2024-08-13,Line_2,Production,Cylinder Head,6,772
2024-08-13,Line_2,Production,Oil Pan,5,1058
2024-08-13,Line_3,Production,Cylinder Liner,5,3847
2024-08-13,Line_3,Production,Camshaft Pulley,3,2504
2024-08-14,Line_1,Production,Engine Block,5,389
2024-08-14,Line_2,Production,Cylinder Head,6,772
2024-08-14,Line_2,Production,Oil Pan,5,1058
2024-08-14,Line_3,Production,Cylinder Liner,5,3847
2024-08-14,Line_3,Production,Camshaft Pulley,3,2504
2024-08-15,Line_1,Production,Engine Block,5,389
2024-08-15,Line_2,Production,Cylinder Head,6,772
2024-08-15,Line_2,Production,Oil Pan,5,1058
2024-08-15,Line_3,Production,Cylinder Liner,5,3847
2024-08-15,Line_3,Production,Camshaft Pulley,3,2503
2024-08-16,Line_1,Production,Engine Block,5,389
2024-08-16,Line_2,Production,Cylinder Head,6,772
2024-08-16,Line_2,Production,Oil Pan,5,1058
2024-08-16,Line_3,Production,Cylinder Liner,5,3847
2024-08-16,Line_3,Production,Camshaft Pulley,3,2503
2024-08-17,Line_1,Production,Engine Block,5,389
2024-08-17,Line_2,Production,Cylinder Head,6,772
2024-08-17,Line_2,Production,Oil Pan,5,1057
2024-08-17,Line_3,Production,Cylinder Liner,5,3847
2024-08-17,Line_3,Production,Camshaft Pulley,3,2503
2024-08-19,Line_1,Production,Engine Block,5,389
2024-08-19,Line_2,Production,Cylinder Head,6,772
2024-08-19,Line_2,Production,Oil Pan,5,1057
2024-08-19,Line_3,Production,Cylinder Liner,5,3847
2024-08-19,Line_3,Production,Camshaft Pulley,3,2503
2024-08-20,Line_1,Production,Engine Block,5,389
2024-08-20,Line_2,Production,Cylinder Head,6,772
2024-08-20,Line_2,Production,Oil Pan,5,1057
2024-08-20,Line_3,Production,Cylinder Liner,5,3847
2024-08-20,Line_3,Production,Camshaft Pulley,3,2503
2024-08-21,Line_1,Production,Engine Block,5,389
2024-08-21,Line_2,Production,Cylinder Head,6,771
2024-08-21,Line_2,Production,Oil Pan,5,1057
2024-08-21,Line_3,Production,Cylinder Liner,5,3847
2024-08-21,Line_3,Production,Camshaft Pulley,3,2503
2024-08-22,Line_1,Production,Engine Block,5,389
2024-08-22,Line_2,Production,Cylinder Head,6,771
2024-08-22,Line_2,Production,Oil Pan,5,1057
2024-08-22,Line_3,Production,Cylinder Liner,5,3847
2024-08-22,Line_3,Production,Camshaft Pulley,3,2503
2024-08-23,Line_1,Production,Engine Block,5,389
2024-08-23,Line_2,Production,Cylinder Head,6,771
2024-08-23,Line_2,Production,Oil Pan,5,1057
2024-08-23,Line_3,Production,Cylinder Liner,5,3847
2024-08-23,Line_3,Production,Camshaft Pulley,3,2503
2024-08-24,Line_1,Production,Engine Block,5,389
2024-08-24,Line_2,Production,Cylinder Head,6,771
2024-08-24,Line_2,Production,Oil Pan,5,1057
2024-08-24,Line_3,Production,Cylinder Liner,5,3847
2024-08-24,Line_3,Production,Camshaft Pulley,3,2503
2024-08-26,Line_1,Production,Engine Block,5,389
2024-08-26,Line_2,Production,Cylinder Head,6,771
2024-08-26,Line_2,Production,Oil Pan,5,1057
2024-08-26,Line_3,Production,Cylinder Liner,5,3847
2024-08-26,Line_3,Production,Camshaft Pulley,3,2503
2024-08-27,Line_1,Production,Engine Block,5,389
2024-08-27,Line_2,Production,Cylinder Head,6,771
2024-08-27,Line_2,Production,Oil Pan,5,1057
2024-08-27,Line_3,Production,Cylinder Liner,5,3847
2024-08-27,Line_3,Production,Camshaft Pulley,3,2503
2024-08-28,Line_1,Production,Engine Block,5,389
2024-08-28,Line_2,Production,Cylinder Head,6,771
2024-08-28,Line_2,Production,Oil Pan,5,1057
2024-08-28,Line_3,Production,Cylinder Liner,5,3847
2024-08-28,Line_3,Production,Camshaft Pulley,3,2503
2024-08-29,Line_1,Production,Engine Block,5,389
2024-08-29,Line_2,Production,Cylinder Head,6,771
2024-08-29,Line_2,Production,Oil Pan,5,1057
2024-08-29,Line_3,Production,Cylinder Liner,5,3847
2024-08-29,Line_3,Production,Camshaft Pulley,3,2503
2024-08-30,Line_1,Production,Engine Block,5,389
2024-08-30,Line_2,Production,Cylinder Head,6,771
2024-08-30,Line_2,Production,Oil Pan,5,1057
2024-08-30,Line_3,Production,Cylinder Liner,5,3847
2024-08-30,Line_3,Production,Camshaft Pulley,3,2503
2024-08-31,Line_1,Production,Engine Block,5,389
2024-08-31,Line_2,Production,Cylinder Head,6,771
2024-08-31,Line_2,Production,Oil Pan,5,1057
2024-08-31,Line_3,Production,Cylinder Liner,5,3847
2024-08-31,Line_3,Production,Camshaft Pulley,3,2503
2024-08-04,Line_1,Maintenance_Weekly,None,0,0
2024-08-04,Line_2,Maintenance_Weekly,None,0,0
2024-08-04,Line_3,Maintenance_Weekly,None,0,0
2024-08-11,Line_1,Maintenance_Weekly,None,0,0
2024-08-11,Line_2,Maintenance_Weekly,None,0,0
2024-08-11,Line_3,Maintenance_Weekly,None,0,0
2024-08-18,Line_1,Maintenance_Weekly,None,0,0
2024-08-18,Line_2,Maintenance_Weekly,None,0,0
2024-08-18,Line_3,Maintenance_Weekly,None,0,0
2024-08-25,Line_1,Maintenance_Weekly,None,0,0
2024-08-25,Line_2,Maintenance_Weekly,None,0,0
2024-08-25,Line_3,Maintenance_Weekly,None,0,0
2024-09-02,Line_1,Production,Engine Block,6,462
2024-09-02,Line_2,Production,Cylinder Head,7,1000
2024-09-02,Line_2,Production,Oil Pan,6,1335
2024-09-02,Line_3,Production,Cylinder Liner,7,4997
2024-09-02,Line_3,Production,Camshaft Pulley,4,3123
2024-09-03,Line_1,Production,Engine Block,6,462
2024-09-03,Line_2,Production,Cylinder Head,7,1000
2024-09-03,Line_2,Production,Oil Pan,6,1335
2024-09-03,Line_3,Production,Cylinder Liner,7,4997
2024-09-03,Line_3,Production,Camshaft Pulley,4,3123
2024-09-04,Line_1,Production,Engine Block,6,462
2024-09-04,Line_2,Production,Cylinder Head,7,1000
2024-09-04,Line_2,Production,Oil Pan,6,1335
2024-09-04,Line_3,Production,Cylinder Liner,7,4997
2024-09-04,Line_3,Production,Camshaft Pulley,4,3123
2024-09-05,Line_1,Production,Engine Block,6,462
2024-09-05,Line_2,Production,Cylinder Head,7,1000
2024-09-05,Line_2,Production,Oil Pan,6,1335
2024-09-05,Line_3,Production,Cylinder Liner,7,4997
2024-09-05,Line_3,Production,Camshaft Pulley,4,3123
2024-09-06,Line_1,Production,Engine Block,6,462
2024-09-06,Line_2,Production,Cylinder Head,7,1000
2024-09-06,Line_2,Production,Oil Pan,6,1335
2024-09-06,Line_3,Production,Cylinder Liner,7,4997
2024-09-06,Line_3,Production,Camshaft Pulley,4,3123
2024-09-07,Line_1,Production,Engine Block,6,462
2024-09-07,Line_2,Production,Cylinder Head,7,1000
2024-09-07,Line_2,Production,Oil Pan,6,1335
2024-09-07,Line_3,Production,Cylinder Liner,7,4997
2024-09-07,Line_3,Production,Camshaft Pulley,4,3123
2024-09-09,Line_1,Production,Engine Block,6,462
2024-09-09,Line_2,Production,Cylinder Head,7,1000
2024-09-09,Line_2,Production,Oil Pan,6,1335
2024-09-09,Line_3,Production,Cylinder Liner,7,4997
2024-09-09,Line_3,Production,Camshaft Pulley,4,3123
2024-09-10,Line_1,Production,Engine Block,6,462
2024-09-10,Line_2,Production,Cylinder Head,7,1000
2024-09-10,Line_2,Production,Oil Pan,6,1335
2024-09-10,Line_3,Production,Cylinder Liner,7,4997
2024-09-10,Line_3,Production,Camshaft Pulley,4,3123
2024-09-11,Line_1,Production,Engine Block,6,462
2024-09-11,Line_2,Production,Cylinder Head,7,1000
2024-09-11,Line_2,Production,Oil Pan,6,1335
2024-09-11,Line_3,Production,Cylinder Liner,7,4997
2024-09-11,Line_3,Production,Camshaft Pulley,4,3123
2024-09-12,Line_1,Production,Engine Block,6,462
2024-09-12,Line_2,Production,Cylinder Head,7,1000
2024-09-12,Line_2,Production,Oil Pan,6,1335
2024-09-12,Line_3,Production,Cylinder Liner,7,4997
2024-09-12,Line_3,Production,Camshaft Pulley,4,3123
2024-09-13,Line_1,Production,Engine Block,6,462
2024-09-13,Line_2,Production,Cylinder Head,7,1000
2024-09-13,Line_2,Production,Oil Pan,6,1335
2024-09-13,Line_3,Production,Cylinder Liner,7,4997
2024-09-13,Line_3,Production,Camshaft Pulley,4,3123
2024-09-14,Line_1,Production,Engine Block,6,462
2024-09-14,Line_2,Production,Cylinder Head,7,1000
2024-09-14,Line_2,Production,Oil Pan,6,1335
2024-09-14,Line_3,Production,Cylinder Liner,7,4996
2024-09-14,Line_3,Production,Camshaft Pulley,4,3123
2024-09-16,Line_1,Production,Engine Block,6,462
2024-09-16,Line_2,Production,Cylinder Head,7,999
2024-09-16,Line_2,Production,Oil Pan,6,1335
2024-09-16,Line_3,Production,Cylinder Liner,7,4996
2024-09-16,Line_3,Production,Camshaft Pulley,4,3123
2024-09-17,Line_1,Production,Engine Block,6,462
2024-09-17,Line_2,Production,Cylinder Head,7,999
2024-09-17,Line_2,Production,Oil Pan,6,1335
2024-09-17,Line_3,Production,Cylinder Liner,7,4996
2024-09-17,Line_3,Production,Camshaft Pulley,4,3123
2024-09-18,Line_1,Production,Engine Block,6,462
2024-09-18,Line_2,Production,Cylinder Head,7,999
2024-09-18,Line_2,Production,Oil Pan,6,1335
2024-09-18,Line_3,Production,Cylinder Liner,7,4996
2024-09-18,Line_3,Production,Camshaft Pulley,4,3123
2024-09-19,Line_1,Production,Engine Block,6,462
2024-09-19,Line_2,Production,Cylinder Head,7,999
2024-09-19,Line_2,Production,Oil Pan,6,1335
2024-09-19,Line_3,Production,Cylinder Liner,7,4996
2024-09-19,Line_3,Production,Camshaft Pulley,4,3123
2024-09-20,Line_1,Production,Engine Block,6,462
2024-09-20,Line_2,Production,Cylinder Head,7,999
2024-09-20,Line_2,Production,Oil Pan,6,1335
2024-09-20,Line_3,Production,Cylinder Liner,7,4996
2024-09-20,Line_3,Production,Camshaft Pulley,4,3123
2024-09-21,Line_1,Production,Engine Block,6,462
2024-09-21,Line_2,Production,Cylinder Head,7,999
2024-09-21,Line_2,Production,Oil Pan,6,1335
2024-09-21,Line_3,Production,Cylinder Liner,7,4996
2024-09-21,Line_3,Production,Camshaft Pulley,4,3123
2024-09-23,Line_1,Production,Engine Block,6,462
2024-09-23,Line_2,Production,Cylinder Head,7,999
2024-09-23,Line_2,Production,Oil Pan,6,1335
2024-09-23,Line_3,Production,Cylinder Liner,7,4996
2024-09-23,Line_3,Production,Camshaft Pulley,4,3123
2024-09-24,Line_1,Production,Engine Block,6,462
2024-09-24,Line_2,Production,Cylinder Head,7,999
2024-09-24,Line_2,Production,Oil Pan,6,1335
2024-09-24,Line_3,Production,Cylinder Liner,7,4996
2024-09-24,Line_3,Production,Camshaft Pulley,4,3123
2024-09-25,Line_1,Production,Engine Block,6,462
2024-09-25,Line_2,Production,Cylinder Head,7,999
2024-09-25,Line_2,Production,Oil Pan,6,1334
2024-09-25,Line_3,Production,Cylinder Liner,7,4996
2024-09-25,Line_3,Production,Camshaft Pulley,4,3122
2024-09-26,Line_1,Production,Engine Block,6,461
2024-09-26,Line_2,Production,Cylinder Head,7,999
2024-09-26,Line_2,Production,Oil Pan,6,1334
2024-09-26,Line_3,Production,Cylinder Liner,7,4996
2024-09-26,Line_3,Production,Camshaft Pulley,4,3122
2024-09-27,Line_1,Production,Engine Block,6,461
2024-09-27,Line_2,Production,Cylinder Head,7,999
2024-09-27,Line_2,Production,Oil Pan,6,1334
2024-09-27,Line_3,Production,Cylinder Liner,7,4996
2024-09-27,Line_3,Production,Camshaft Pulley,4,3122
2024-09-28,Line_1,Production,Engine Block,6,461
2024-09-28,Line_2,Production,Cylinder Head,7,999
2024-09-28,Line_2,Production,Oil Pan,6,1334
2024-09-28,Line_3,Production,Cylinder Liner,7,4996
2024-09-28,Line_3,Production,Camshaft Pulley,4,3122
2024-09-30,Line_1,Production,Engine Block,6,461
2024-09-30,Line_2,Production,Cylinder Head,7,999
2024-09-30,Line_2,Production,Oil Pan,6,1334
2024-09-30,Line_3,Production,Cylinder Liner,7,4996
2024-09-30,Line_3,Production,Camshaft Pulley,4,3122
2024-09-01,Line_1,Maintenance_Weekly,None,0,0
2024-09-01,Line_2,Maintenance_Weekly,None,0,0
2024-09-01,Line_3,Maintenance_Weekly,None,0,0
2024-09-08,Line_1,Maintenance_Weekly,None,0,0
2024-09-08,Line_2,Maintenance_Weekly,None,0,0
2024-09-08,Line_3,Maintenance_Weekly,None,0,0
2024-09-15,Line_1,Maintenance_Weekly,None,0,0
2024-09-15,Line_2,Maintenance_Weekly,None,0,0
2024-09-15,Line_3,Maintenance_Weekly,None,0,0
2024-09-22,Line_1,Maintenance_Weekly,None,0,0
2024-09-22,Line_2,Maintenance_Weekly,None,0,0
2024-09-22,Line_3,Maintenance_Weekly,None,0,0
2024-09-29,Line_1,Maintenance_Weekly,None,0,0
2024-09-29,Line_2,Maintenance_Weekly,None,0,0
2024-09-29,Line_3,Maintenance_Weekly,None,0,0
2024-10-01,Line_1,Production,Engine Block,7,497
2024-10-01,Line_2,Production,Cylinder Head,7,1000
2024-10-01,Line_2,Production,Oil Pan,6,1429
2024-10-01,Line_3,Production,Cylinder Liner,7,4912
2024-10-01,Line_3,Production,Camshaft Pulley,4,3157
2024-10-02,Line_1,Production,Engine Block,7,497
2024-10-02,Line_2,Production,Cylinder Head,7,1000
2024-10-02,Line_2,Production,Oil Pan,6,1429
2024-10-02,Line_3,Production,Cylinder Liner,7,4912
2024-10-02,Line_3,Production,Camshaft Pulley,4,3157
2024-10-03,Line_1,Production,Engine Block,7,497
2024-10-03,Line_2,Production,Cylinder Head,7,1000
2024-10-03,Line_2,Production,Oil Pan,6,1429
2024-10-03,Line_3,Production,Cylinder Liner,7,4912
2024-10-03,Line_3,Production,Camshaft Pulley,4,3157
2024-10-04,Line_1,Production,Engine Block,7,497
2024-10-04,Line_2,Production,Cylinder Head,7,1000
2024-10-04,Line_2,Production,Oil Pan,6,1429
2024-10-04,Line_3,Production,Cylinder Liner,7,4912
2024-10-04,Line_3,Production,Camshaft Pulley,4,3157
2024-10-05,Line_1,Production,Engine Block,7,497
2024-10-05,Line_2,Production,Cylinder Head,7,1000
2024-10-05,Line_2,Production,Oil Pan,6,1429
2024-10-05,Line_3,Production,Cylinder Liner,7,4912
2024-10-05,Line_3,Production,Camshaft Pulley,4,3157
2024-10-07,Line_1,Production,Engine Block,7,497
2024-10-07,Line_2,Production,Cylinder Head,7,1000
2024-10-07,Line_2,Production,Oil Pan,6,1429
2024-10-07,Line_3,Production,Cylinder Liner,7,4912
2024-10-07,Line_3,Production,Camshaft Pulley,4,3157
2024-10-08,Line_1,Production,Engine Block,7,497
2024-10-08,Line_2,Production,Cylinder Head,7,1000
2024-10-08,Line_2,Production,Oil Pan,6,1429
2024-10-08,Line_3,Production,Cylinder Liner,7,4912
2024-10-08,Line_3,Production,Camshaft Pulley,4,3157
2024-10-09,Line_1,Production,Engine Block,7,497
2024-10-09,Line_2,Production,Cylinder Head,7,1000
2024-10-09,Line_2,Production,Oil Pan,6,1429
2024-10-09,Line_3,Production,Cylinder Liner,7,4912
2024-10-09,Line_3,Production,Camshaft Pulley,4,3157
2024-10-10,Line_1,Production,Engine Block,7,497
2024-10-10,Line_2,Production,Cylinder Head,7,1000
2024-10-10,Line_2,Production,Oil Pan,6,1429
2024-10-10,Line_3,Production,Cylinder Liner,7,4912
2024-10-10,Line_3,Production,Camshaft Pulley,4,3157
2024-10-11,Line_1,Production,Engine Block,7,497
2024-10-11,Line_2,Production,Cylinder Head,7,999
2024-10-11,Line_2,Production,Oil Pan,6,1429
2024-10-11,Line_3,Production,Cylinder Liner,7,4912
2024-10-11,Line_3,Production,Camshaft Pulley,4,3157
2024-10-12,Line_1,Production,Engine Block,7,497
2024-10-12,Line_2,Production,Cylinder Head,7,999
2024-10-12,Line_2,Production,Oil Pan,6,1429
2024-10-12,Line_3,Production,Cylinder Liner,7,4912
2024-10-12,Line_3,Production,Camshaft Pulley,4,3157
2024-10-14,Line_1,Production,Engine Block,7,497
2024-10-14,Line_2,Production,Cylinder Head,7,999
2024-10-14,Line_2,Production,Oil Pan,6,1429
2024-10-14,Line_3,Production,Cylinder Liner,7,4912
2024-10-14,Line_3,Production,Camshaft Pulley,4,3157
2024-10-15,Line_1,Production,Engine Block,7,497
2024-10-15,Line_2,Production,Cylinder Head,7,999
2024-10-15,Line_2,Production,Oil Pan,6,1429
2024-10-15,Line_3,Production,Cylinder Liner,7,4912
2024-10-15,Line_3,Production,Camshaft Pulley,4,3157
2024-10-16,Line_1,Production,Engine Block,7,497
2024-10-16,Line_2,Production,Cylinder Head,7,999
2024-10-16,Line_2,Production,Oil Pan,6,1429
2024-10-16,Line_3,Production,Cylinder Liner,7,4912
2024-10-16,Line_3,Production,Camshaft Pulley,4,3157
2024-10-17,Line_1,Production,Engine Block,7,497
2024-10-17,Line_2,Production,Cylinder Head,7,999
2024-10-17,Line_2,Production,Oil Pan,6,1429
2024-10-17,Line_3,Production,Cylinder Liner,7,4912
2024-10-17,Line_3,Production,Camshaft Pulley,4,3156
2024-10-18,Line_1,Production,Engine Block,7,497
2024-10-18,Line_2,Production,Cylinder Head,7,999
2024-10-18,Line_2,Production,Oil Pan,6,1429
2024-10-18,Line_3,Production,Cylinder Liner,7,4912
2024-10-18,Line_3,Production,Camshaft Pulley,4,3156
2024-10-19,Line_1,Production,Engine Block,7,497
2024-10-19,Line_2,Production,Cylinder Head,7,999
2024-10-19,Line_2,Production,Oil Pan,6,1429
2024-10-19,Line_3,Production,Cylinder Liner,7,4912
2024-10-19,Line_3,Production,Camshaft Pulley,4,3156
2024-10-21,Line_1,Production,Engine Block,7,497
2024-10-21,Line_2,Production,Cylinder Head,7,999
2024-10-21,Line_2,Production,Oil Pan,6,1429
2024-10-21,Line_3,Production,Cylinder Liner,7,4912
2024-10-21,Line_3,Production,Camshaft Pulley,4,3156
2024-10-22,Line_1,Production,Engine Block,7,497
2024-10-22,Line_2,Production,Cylinder Head,7,999
2024-10-22,Line_2,Production,Oil Pan,6,1429
2024-10-22,Line_3,Production,Cylinder Liner,7,4912
2024-10-22,Line_3,Production,Camshaft Pulley,4,3156
2024-10-23,Line_1,Production,Engine Block,7,497
2024-10-23,Line_2,Production,Cylinder Head,7,999
2024-10-23,Line_2,Production,Oil Pan,6,1429
2024-10-23,Line_3,Production,Cylinder Liner,7,4911
2024-10-23,Line_3,Production,Camshaft Pulley,4,3156
2024-10-24,Line_1,Production,Engine Block,7,497
2024-10-24,Line_2,Production,Cylinder Head,7,999
2024-10-24,Line_2,Production,Oil Pan,6,1429
2024-10-24,Line_3,Production,Cylinder Liner,7,4911
2024-10-24,Line_3,Production,Camshaft Pulley,4,3156
2024-10-25,Line_1,Production,Engine Block,7,497
2024-10-25,Line_2,Production,Cylinder Head,7,999
2024-10-25,Line_2,Production,Oil Pan,6,1428
2024-10-25,Line_3,Production,Cylinder Liner,7,4911
2024-10-25,Line_3,Production,Camshaft Pulley,4,3156
2024-10-26,Line_1,Production,Engine Block,7,496
2024-10-26,Line_2,Production,Cylinder Head,7,999
2024-10-26,Line_2,Production,Oil Pan,6,1428
2024-10-26,Line_3,Production,Cylinder Liner,7,4911
2024-10-26,Line_3,Production,Camshaft Pulley,4,3156
2024-10-28,Line_1,Production,Engine Block,7,496
2024-10-28,Line_2,Production,Cylinder Head,7,999
2024-10-28,Line_2,Production,Oil Pan,6,1428
2024-10-28,Line_3,Production,Cylinder Liner,7,4911
2024-10-28,Line_3,Production,Camshaft Pulley,4,3156
2024-10-29,Line_1,Production,Engine Block,7,496
2024-10-29,Line_2,Production,Cylinder Head,7,999
2024-10-29,Line_2,Production,Oil Pan,6,1428
2024-10-29,Line_3,Production,Cylinder Liner,7,4911
2024-10-29,Line_3,Production,Camshaft Pulley,4,3156
2024-10-30,Line_1,Production,Engine Block,7,496
2024-10-30,Line_2,Production,Cylinder Head,7,999
2024-10-30,Line_2,Production,Oil Pan,6,1428
2024-10-30,Line_3,Production,Cylinder Liner,7,4911
2024-10-30,Line_3,Production,Camshaft Pulley,4,3156
2024-10-31,Line_1,Production,Engine Block,7,496
2024-10-31,Line_2,Production,Cylinder Head,7,999
2024-10-31,Line_2,Production,Oil Pan,6,1428
2024-10-31,Line_3,Production,Cylinder Liner,7,4911
2024-10-31,Line_3,Production,Camshaft Pulley,4,3156
2024-10-06,Line_1,Maintenance_Weekly,None,0,0
2024-10-06,Line_2,Maintenance_Weekly,None,0,0
2024-10-06,Line_3,Maintenance_Weekly,None,0,0
2024-10-13,Line_1,Maintenance_Weekly,None,0,0
2024-10-13,Line_2,Maintenance_Weekly,None,0,0
2024-10-13,Line_3,Maintenance_Weekly,None,0,0
2024-10-20,Line_1,Maintenance_Weekly,None,0,0
2024-10-20,Line_2,Maintenance_Weekly,None,0,0
2024-10-20,Line_3,Maintenance_Weekly,None,0,0
2024-10-27,Line_1,Maintenance_Weekly,None,0,0
2024-10-27,Line_2,Maintenance_Weekly,None,0,0
2024-10-27,Line_3,Maintenance_Weekly,None,0,0
2024-11-01,Line_1,Production,Engine Block,8,604
2024-11-01,Line_2,Production,Cylinder Head,9,1235
2024-11-01,Line_2,Production,Oil Pan,8,1757
2024-11-01,Line_3,Production,Cylinder Liner,8,5997
2024-11-01,Line_3,Production,Camshaft Pulley,4,3884
2024-11-02,Line_1,Production,Engine Block,8,604
2024-11-02,Line_2,Production,Cylinder Head,9,1235
2024-11-02,Line_2,Production,Oil Pan,8,1757
2024-11-02,Line_3,Production,Cylinder Liner,8,5997
2024-11-02,Line_3,Production,Camshaft Pulley,4,3884
2024-11-04,Line_1,Production,Engine Block,8,604
2024-11-04,Line_2,Production,Cylinder Head,9,1235
2024-11-04,Line_2,Production,Oil Pan,8,1757
2024-11-04,Line_3,Production,Cylinder Liner,8,5997
2024-11-04,Line_3,Production,Camshaft Pulley,4,3884
2024-11-05,Line_1,Production,Engine Block,8,604
2024-11-05,Line_2,Production,Cylinder Head,9,1235
2024-11-05,Line_2,Production,Oil Pan,8,1757
2024-11-05,Line_3,Production,Cylinder Liner,8,5997
2024-11-05,Line_3,Production,Camshaft Pulley,4,3884
2024-11-06,Line_1,Production,Engine Block,8,604
2024-11-06,Line_2,Production,Cylinder Head,9,1235
2024-11-06,Line_2,Production,Oil Pan,8,1757
2024-11-06,Line_3,Production,Cylinder Liner,8,5997
2024-11-06,Line_3,Production,Camshaft Pulley,4,3884
2024-11-07,Line_1,Production,Engine Block,8,604
2024-11-07,Line_2,Production,Cylinder Head,9,1235
2024-11-07,Line_2,Production,Oil Pan,8,1757
2024-11-07,Line_3,Production,Cylinder Liner,8,5997
2024-11-07,Line_3,Production,Camshaft Pulley,4,3884
2024-11-08,Line_1,Production,Engine Block,8,604
2024-11-08,Line_2,Production,Cylinder Head,9,1235
2024-11-08,Line_2,Production,Oil Pan,8,1757
2024-11-08,Line_3,Production,Cylinder Liner,8,5997
2024-11-08,Line_3,Production,Camshaft Pulley,4,3884
2024-11-09,Line_1,Production,Engine Block,8,604
2024-11-09,Line_2,Production,Cylinder Head,9,1235
2024-11-09,Line_2,Production,Oil Pan,8,1757
2024-11-09,Line_3,Production,Cylinder Liner,8,5997
2024-11-09,Line_3,Production,Camshaft Pulley,4,3884
2024-11-11,Line_1,Production,Engine Block,8,604
2024-11-11,Line_2,Production,Cylinder Head,9,1235
2024-11-11,Line_2,Production,Oil Pan,8,1757
2024-11-11,Line_3,Production,Cylinder Liner,8,5997
2024-11-11,Line_3,Production,Camshaft Pulley,4,3884
2024-11-12,Line_1,Production,Engine Block,8,604
2024-11-12,Line_2,Production,Cylinder Head,9,1235
2024-11-12,Line_2,Production,Oil Pan,8,1757
2024-11-12,Line_3,Production,Cylinder Liner,8,5997
2024-11-12,Line_3,Production,Camshaft Pulley,4,3884
2024-11-13,Line_1,Production,Engine Block,8,604
2024-11-13,Line_2,Production,Cylinder Head,9,1235
2024-11-13,Line_2,Production,Oil Pan,8,1757
2024-11-13,Line_3,Production,Cylinder Liner,8,5997
2024-11-13,Line_3,Production,Camshaft Pulley,4,3884
2024-11-14,Line_1,Production,Engine Block,8,604
2024-11-14,Line_2,Production,Cylinder Head,9,1235
2024-11-14,Line_2,Production,Oil Pan,8,1757
2024-11-14,Line_3,Production,Cylinder Liner,8,5997
2024-11-14,Line_3,Production,Camshaft Pulley,4,3884
2024-11-15,Line_1,Production,Engine Block,8,604
2024-11-15,Line_2,Production,Cylinder Head,9,1235
2024-11-15,Line_2,Production,Oil Pan,8,1757
2024-11-15,Line_3,Production,Cylinder Liner,8,5997
2024-11-15,Line_3,Production,Camshaft Pulley,4,3884
2024-11-16,Line_1,Production,Engine Block,8,604
2024-11-16,Line_2,Production,Cylinder Head,9,1235
2024-11-16,Line_2,Production,Oil Pan,8,1757
2024-11-16,Line_3,Production,Cylinder Liner,8,5997
2024-11-16,Line_3,Production,Camshaft Pulley,4,3884
2024-11-18,Line_1,Production,Engine Block,8,604
2024-11-18,Line_2,Production,Cylinder Head,9,1235
2024-11-18,Line_2,Production,Oil Pan,8,1757
2024-11-18,Line_3,Production,Cylinder Liner,8,5997
2024-11-18,Line_3,Production,Camshaft Pulley,4,3884
2024-11-19,Line_1,Production,Engine Block,8,604
2024-11-19,Line_2,Production,Cylinder Head,9,1235
2024-11-19,Line_2,Production,Oil Pan,8,1757
2024-11-19,Line_3,Production,Cylinder Liner,8,5997
2024-11-19,Line_3,Production,Camshaft Pulley,4,3884
2024-11-20,Line_1,Production,Engine Block,8,604
2024-11-20,Line_2,Production,Cylinder Head,9,1235
2024-11-20,Line_2,Production,Oil Pan,8,1756
2024-11-20,Line_3,Production,Cylinder Liner,8,5997
2024-11-20,Line_3,Production,Camshaft Pulley,4,3884
2024-11-21,Line_1,Production,Engine Block,8,604
2024-11-21,Line_2,Production,Cylinder Head,9,1235
2024-11-21,Line_2,Production,Oil Pan,8,1756
2024-11-21,Line_3,Production,Cylinder Liner,8,5997
2024-11-21,Line_3,Production,Camshaft Pulley,4,3884
2024-11-22,Line_1,Production,Engine Block,8,604
2024-11-22,Line_2,Production,Cylinder Head,9,1235
2024-11-22,Line_2,Production,Oil Pan,8,1756
2024-11-22,Line_3,Production,Cylinder Liner,8,5997
2024-11-22,Line_3,Production,Camshaft Pulley,4,3884
2024-11-23,Line_1,Production,Engine Block,8,604
2024-11-23,Line_2,Production,Cylinder Head,9,1235
2024-11-23,Line_2,Production,Oil Pan,8,1756
2024-11-23,Line_3,Production,Cylinder Liner,8,5997
2024-11-23,Line_3,Production,Camshaft Pulley,4,3884
2024-11-25,Line_1,Production,Engine Block,8,604
2024-11-25,Line_2,Production,Cylinder Head,9,1235
2024-11-25,Line_2,Production,Oil Pan,8,1756
2024-11-25,Line_3,Production,Cylinder Liner,8,5997
2024-11-25,Line_3,Production,Camshaft Pulley,4,3883
2024-11-26,Line_1,Production,Engine Block,8,604
2024-11-26,Line_2,Production,Cylinder Head,9,1235
2024-11-26,Line_2,Production,Oil Pan,8,1756
2024-11-26,Line_3,Production,Cylinder Liner,8,5997
2024-11-26,Line_3,Production,Camshaft Pulley,4,3883
2024-11-27,Line_1,Production,Engine Block,8,604
2024-11-27,Line_2,Production,Cylinder Head,9,1235
2024-11-27,Line_2,Production,Oil Pan,8,1756
2024-11-27,Line_3,Production,Cylinder Liner,8,5997
2024-11-27,Line_3,Production,Camshaft Pulley,4,3883
2024-11-28,Line_1,Production,Engine Block,8,604
2024-11-28,Line_2,Production,Cylinder Head,9,1235
2024-11-28,Line_2,Production,Oil Pan,8,1756
2024-11-28,Line_3,Production,Cylinder Liner,8,5997
2024-11-28,Line_3,Production,Camshaft Pulley,4,3883
2024-11-29,Line_1,Production,Engine Block,8,604
2024-11-29,Line_2,Production,Cylinder Head,9,1235
2024-11-29,Line_2,Production,Oil Pan,8,1756
2024-11-29,Line_3,Production,Cylinder Liner,8,5997
2024-11-29,Line_3,Production,Camshaft Pulley,4,3883
2024-11-30,Line_1,Production,Engine Block,8,604
2024-11-30,Line_2,Production,Cylinder Head,9,1234
2024-11-30,Line_2,Production,Oil Pan,8,1756
2024-11-30,Line_3,Production,Cylinder Liner,8,5997
2024-11-30,Line_3,Production,Camshaft Pulley,4,3883
2024-11-03,Line_1,Maintenance_Weekly,None,0,0
2024-11-03,Line_2,Maintenance_Weekly,None,0,0
2024-11-03,Line_3,Maintenance_Weekly,None,0,0
2024-11-10,Line_1,Maintenance_Weekly,None,0,0
2024-11-10,Line_2,Maintenance_Weekly,None,0,0
2024-11-10,Line_3,Maintenance_Weekly,None,0,0
2024-11-17,Line_1,Maintenance_Weekly,None,0,0
2024-11-17,Line_2,Maintenance_Weekly,None,0,0
2024-11-17,Line_3,Maintenance_Weekly,None,0,0
2024-11-24,Line_1,Maintenance_Weekly,None,0,0
2024-11-24,Line_2,Maintenance_Weekly,None,0,0
2024-11-24,Line_3,Maintenance_Weekly,None,0,0
2024-12-02,Line_1,Production,Engine Block,7,530
2024-12-02,Line_2,Production,Cylinder Head,7,1015
2024-12-02,Line_2,Production,Oil Pan,6,1436
2024-12-02,Line_3,Production,Cylinder Liner,7,4847
2024-12-02,Line_3,Production,Camshaft Pulley,4,3326
2024-12-03,Line_1,Production,Engine Block,7,530
2024-12-03,Line_2,Production,Cylinder Head,7,1015
2024-12-03,Line_2,Production,Oil Pan,6,1436
2024-12-03,Line_3,Production,Cylinder Liner,7,4846
2024-12-03,Line_3,Production,Camshaft Pulley,4,3326
2024-12-04,Line_1,Production,Engine Block,7,529
2024-12-04,Line_2,Production,Cylinder Head,7,1015
2024-12-04,Line_2,Production,Oil Pan,6,1436
2024-12-04,Line_3,Production,Cylinder Liner,7,4846
2024-12-04,Line_3,Production,Camshaft Pulley,4,3326
2024-12-05,Line_1,Production,Engine Block,7,529
2024-12-05,Line_2,Production,Cylinder Head,7,1015
2024-12-05,Line_2,Production,Oil Pan,6,1436
2024-12-05,Line_3,Production,Cylinder Liner,7,4846
2024-12-05,Line_3,Production,Camshaft Pulley,4,3326
2024-12-06,Line_1,Production,Engine Block,7,529
2024-12-06,Line_2,Production,Cylinder Head,7,1014
2024-12-06,Line_2,Production,Oil Pan,6,1436
2024-12-06,Line_3,Production,Cylinder Liner,7,4846
2024-12-06,Line_3,Production,Camshaft Pulley,4,3326
2024-12-07,Line_1,Production,Engine Block,7,529
2024-12-07,Line_2,Production,Cylinder Head,7,1014
2024-12-07,Line_2,Production,Oil Pan,6,1436
2024-12-07,Line_3,Production,Cylinder Liner,7,4846
2024-12-07,Line_3,Production,Camshaft Pulley,4,3326
2024-12-09,Line_1,Production,Engine Block,7,529
2024-12-09,Line_2,Production,Cylinder Head,7,1014
2024-12-09,Line_2,Production,Oil Pan,6,1436
2024-12-09,Line_3,Production,Cylinder Liner,7,4846
2024-12-09,Line_3,Production,Camshaft Pulley,4,3326
2024-12-10,Line_1,Production,Engine Block,7,529
2024-12-10,Line_2,Production,Cylinder Head,7,1014
2024-12-10,Line_2,Production,Oil Pan,6,1436
2024-12-10,Line_3,Production,Cylinder Liner,7,4846
2024-12-10,Line_3,Production,Camshaft Pulley,4,3326
2024-12-11,Line_1,Production,Engine Block,7,529
2024-12-11,Line_2,Production,Cylinder Head,7,1014
2024-12-11,Line_2,Production,Oil Pan,6,1436
2024-12-11,Line_3,Production,Cylinder Liner,7,4846
2024-12-11,Line_3,Production,Camshaft Pulley,4,3326
2024-12-12,Line_1,Production,Engine Block,7,529
2024-12-12,Line_2,Production,Cylinder Head,7,1014
2024-12-12,Line_2,Production,Oil Pan,6,1436
2024-12-12,Line_3,Production,Cylinder Liner,7,4846
2024-12-12,Line_3,Production,Camshaft Pulley,4,3326
2024-12-13,Line_1,Production,Engine Block,7,529
2024-12-13,Line_2,Production,Cylinder Head,7,1014
2024-12-13,Line_2,Production,Oil Pan,6,1436
2024-12-13,Line_3,Production,Cylinder Liner,7,4846
2024-12-13,Line_3,Production,Camshaft Pulley,4,3326
2024-12-14,Line_1,Production,Engine Block,7,529
2024-12-14,Line_2,Production,Cylinder Head,7,1014
2024-12-14,Line_2,Production,Oil Pan,6,1436
2024-12-14,Line_3,Production,Cylinder Liner,7,4846
2024-12-14,Line_3,Production,Camshaft Pulley,4,3326
2024-12-16,Line_1,Production,Engine Block,7,529
2024-12-16,Line_2,Production,Cylinder Head,7,1014
2024-12-16,Line_2,Production,Oil Pan,6,1436
2024-12-16,Line_3,Production,Cylinder Liner,7,4846
2024-12-16,Line_3,Production,Camshaft Pulley,4,3325
2024-12-17,Line_1,Production,Engine Block,7,529
2024-12-17,Line_2,Production,Cylinder Head,7,1014
2024-12-17,Line_2,Production,Oil Pan,6,1436
2024-12-17,Line_3,Production,Cylinder Liner,7,4846
2024-12-17,Line_3,Production,Camshaft Pulley,4,3325
2024-12-18,Line_1,Production,Engine Block,7,529
2024-12-18,Line_2,Production,Cylinder Head,7,1014
2024-12-18,Line_2,Production,Oil Pan,6,1436
2024-12-18,Line_3,Production,Cylinder Liner,7,4846
2024-12-18,Line_3,Production,Camshaft Pulley,4,3325
2024-12-19,Line_1,Production,Engine Block,7,529
2024-12-19,Line_2,Production,Cylinder Head,7,1014
2024-12-19,Line_2,Production,Oil Pan,6,1436
2024-12-19,Line_3,Production,Cylinder Liner,7,4846
2024-12-19,Line_3,Production,Camshaft Pulley,4,3325
2024-12-20,Line_1,Production,Engine Block,7,529
2024-12-20,Line_2,Production,Cylinder Head,7,1014
2024-12-20,Line_2,Production,Oil Pan,6,1436
2024-12-20,Line_3,Production,Cylinder Liner,7,4846
2024-12-20,Line_3,Production,Camshaft Pulley,4,3325
2024-12-21,Line_1,Production,Engine Block,7,529
2024-12-21,Line_2,Production,Cylinder Head,7,1014
2024-12-21,Line_2,Production,Oil Pan,6,1436
2024-12-21,Line_3,Production,Cylinder Liner,7,4846
2024-12-21,Line_3,Production,Camshaft Pulley,4,3325
2024-12-23,Line_1,Production,Engine Block,7,529
2024-12-23,Line_2,Production,Cylinder Head,7,1014
2024-12-23,Line_2,Production,Oil Pan,6,1436
2024-12-23,Line_3,Production,Cylinder Liner,7,4846
2024-12-23,Line_3,Production,Camshaft Pulley,4,3325
2024-12-24,Line_1,Production,Engine Block,7,529
2024-12-24,Line_2,Production,Cylinder Head,7,1014
2024-12-24,Line_2,Production,Oil Pan,6,1435
2024-12-24,Line_3,Production,Cylinder Liner,7,4846
2024-12-24,Line_3,Production,Camshaft Pulley,4,3325
2024-12-25,Line_1,Production,Engine Block,7,529
2024-12-25,Line_2,Production,Cylinder Head,7,1014
2024-12-25,Line_2,Production,Oil Pan,6,1435
2024-12-25,Line_3,Production,Cylinder Liner,7,4846
2024-12-25,Line_3,Production,Camshaft Pulley,4,3325
2024-12-26,Line_1,Production,Engine Block,7,529
2024-12-26,Line_2,Production,Cylinder Head,7,1014
2024-12-26,Line_2,Production,Oil Pan,6,1435
2024-12-26,Line_3,Production,Cylinder Liner,7,4846
2024-12-26,Line_3,Production,Camshaft Pulley,4,3325
2024-12-27,Line_1,Production,Engine Block,7,529
2024-12-27,Line_2,Production,Cylinder Head,7,1014
2024-12-27,Line_2,Production,Oil Pan,6,1435
2024-12-27,Line_3,Production,Cylinder Liner,7,4846
2024-12-27,Line_3,Production,Camshaft Pulley,4,3325
2024-12-28,Line_1,Production,Engine Block,7,529
2024-12-28,Line_2,Production,Cylinder Head,7,1014
2024-12-28,Line_2,Production,Oil Pan,6,1435
2024-12-28,Line_3,Production,Cylinder Liner,7,4846
2024-12-28,Line_3,Production,Camshaft Pulley,4,3325
2024-12-30,Line_1,Production,Engine Block,7,529
2024-12-30,Line_2,Production,Cylinder Head,7,1014
2024-12-30,Line_2,Production,Oil Pan,6,1435
2024-12-30,Line_3,Production,Cylinder Liner,7,4846
2024-12-30,Line_3,Production,Camshaft Pulley,4,3325
2024-12-31,Line_1,Production,Engine Block,7,529
2024-12-31,Line_2,Production,Cylinder Head,7,1014
2024-12-31,Line_2,Production,Oil Pan,6,1435
2024-12-31,Line_3,Production,Cylinder Liner,7,4846
2024-12-31,Line_3,Production,Camshaft Pulley,4,3325
2024-12-01,Line_1,Maintenance_Weekly,None,0,0
2024-12-01,Line_2,Maintenance_Weekly,None,0,0
2024-12-01,Line_3,Maintenance_Weekly,None,0,0
2024-12-08,Line_1,Maintenance_Weekly,None,0,0
2024-12-08,Line_2,Maintenance_Weekly,None,0,0
2024-12-08,Line_3,Maintenance_Weekly,None,0,0
2024-12-15,Line_1,Maintenance_Weekly,None,0,0
2024-12-15,Line_2,Maintenance_Weekly,None,0,0
2024-12-15,Line_3,Maintenance_Weekly,None,0,0
2024-12-22,Line_1,Maintenance_Weekly,None,0,0
2024-12-22,Line_2,Maintenance_Weekly,None,0,0
2024-12-22,Line_3,Maintenance_Weekly,None,0,0
2024-12-29,Line_1,Maintenance_Weekly,None,0,0
2024-12-29,Line_2,Maintenance_Weekly,None,0,0
2024-12-29,Line_3,Maintenance_Weekly,None,0,0
